-- phpMyAdmin SQL Dump
-- version 3.3.7deb6
-- http://www.phpmyadmin.net
--
-- Máquina: hostingmysql243
-- Data de Criação: 01-Jul-2014 às 12:19
-- Versão do servidor: 5.5.34
-- versão do PHP: 5.2.6-1+lenny16

SET SQL_MODE="NO_AUTO_VALUE_ON_ZERO";


/*!40101 SET @OLD_CHARACTER_SET_CLIENT=@@CHARACTER_SET_CLIENT */;
/*!40101 SET @OLD_CHARACTER_SET_RESULTS=@@CHARACTER_SET_RESULTS */;
/*!40101 SET @OLD_COLLATION_CONNECTION=@@COLLATION_CONNECTION */;
/*!40101 SET NAMES utf8 */;

--
-- Base de Dados: `news_simply__webspace_com_pt_plnews`
--
CREATE DATABASE `i11857` DEFAULT CHARACTER SET latin1 COLLATE latin1_swedish_ci;
USE `i11857`;

-- --------------------------------------------------------

--
-- Estrutura da tabela `couch_attachments`
--

CREATE TABLE IF NOT EXISTS `couch_attachments` (
  `attach_id` bigint(11) unsigned NOT NULL AUTO_INCREMENT,
  `file_real_name` varchar(255) NOT NULL,
  `file_disk_name` varchar(255) NOT NULL,
  `file_extension` varchar(255) NOT NULL,
  `file_size` int(20) unsigned NOT NULL DEFAULT '0',
  `file_time` int(10) unsigned NOT NULL DEFAULT '0',
  `is_orphan` tinyint(1) unsigned DEFAULT '1',
  `hit_count` int(10) unsigned DEFAULT '0',
  PRIMARY KEY (`attach_id`),
  KEY `couch_attachments_Index01` (`is_orphan`),
  KEY `couch_attachments_Index02` (`file_time`),
  KEY `couch_attachments_Index03` (`is_orphan`,`file_time`)
) ENGINE=InnoDB DEFAULT CHARSET=utf8 AUTO_INCREMENT=1 ;

--
-- Extraindo dados da tabela `couch_attachments`
--


-- --------------------------------------------------------

--
-- Estrutura da tabela `couch_comments`
--

CREATE TABLE IF NOT EXISTS `couch_comments` (
  `id` int(11) NOT NULL AUTO_INCREMENT,
  `tpl_id` int(11) NOT NULL,
  `page_id` int(11) NOT NULL,
  `user_id` int(11) DEFAULT NULL,
  `name` tinytext,
  `email` varchar(128) DEFAULT NULL,
  `link` varchar(255) DEFAULT NULL,
  `ip_addr` varchar(100) DEFAULT NULL,
  `date` datetime DEFAULT NULL,
  `data` text,
  `approved` tinyint(4) DEFAULT '0',
  PRIMARY KEY (`id`),
  KEY `couch_comments_Index01` (`date`),
  KEY `couch_comments_Index02` (`page_id`,`approved`,`date`),
  KEY `couch_comments_Index03` (`tpl_id`,`approved`,`date`),
  KEY `couch_comments_Index04` (`approved`,`date`),
  KEY `couch_comments_Index05` (`tpl_id`,`page_id`,`approved`,`date`)
) ENGINE=InnoDB DEFAULT CHARSET=utf8 AUTO_INCREMENT=1 ;

--
-- Extraindo dados da tabela `couch_comments`
--


-- --------------------------------------------------------

--
-- Estrutura da tabela `couch_data_numeric`
--

CREATE TABLE IF NOT EXISTS `couch_data_numeric` (
  `page_id` int(11) NOT NULL,
  `field_id` int(11) NOT NULL,
  `value` decimal(65,2) DEFAULT '0.00',
  PRIMARY KEY (`page_id`,`field_id`),
  KEY `couch_data_numeric_Index01` (`value`),
  KEY `couch_data_numeric_Index02` (`field_id`,`value`)
) ENGINE=InnoDB DEFAULT CHARSET=utf8;

--
-- Extraindo dados da tabela `couch_data_numeric`
--


-- --------------------------------------------------------

--
-- Estrutura da tabela `couch_data_text`
--

CREATE TABLE IF NOT EXISTS `couch_data_text` (
  `page_id` int(11) NOT NULL,
  `field_id` int(11) NOT NULL,
  `value` longtext,
  `search_value` text,
  PRIMARY KEY (`page_id`,`field_id`),
  KEY `couch_data_text_Index01` (`search_value`(255)),
  KEY `couch_data_text_Index02` (`field_id`,`search_value`(255))
) ENGINE=InnoDB DEFAULT CHARSET=utf8;

--
-- Extraindo dados da tabela `couch_data_text`
--

INSERT INTO `couch_data_text` (`page_id`, `field_id`, `value`, `search_value`) VALUES
(2, 1, '<h1><strong><span id="ctl00_bcr_ThisContent">Brasil e M&eacute;xico nos &quot;oitavos&quot; com vit&oacute;rias sobre Camar&otilde;es e Cro&aacute;cia</span></strong></h1>\r\n\r\n<hr />\r\n<p style="text-align: center;"><span><img alt="foto Dominic Ebenbichler/Reuters" height="202" src="http://news.simply-webspace.com.pt/couch/uploads/image/ng3408177.JPG" style="float: left;" width="269" /></span><span> </span><span><img alt="" height="211" src="http://news.simply-webspace.com.pt/couch/uploads/image/mundial-2014.jpg" style="float: right;" width="152" /></span></p>\r\n\r\n<p style="text-align: center;">&nbsp;</p>\r\n\r\n<p style="text-align: center;"><em><strong><span>O anfitri&atilde;o Brasil e o M&eacute;xico qualificaram-se esta segunda-feira para os oitavos de final do Mundial de futebol de 2014, como primeiro e segundo do Grupo A, depois de derrotarem Camar&otilde;es (4-1) e Cro&aacute;cia (3-1), respetivamente </span></strong></em></p>\r\n\r\n<div id="Article">\r\n<div>\r\n<div>\r\n<p>&nbsp;</p>\r\n\r\n<p>&nbsp;</p>\r\n\r\n<p><span id="ctl00_bcr_ThisContent">Em Bras&iacute;lia, depois de Neymar inaugurar o marcador (17 minutos), os Camar&otilde;es ainda marcaram por Matip (26), mas o jogador do FC Barcelona fez o &quot;bis&quot; (35), tornando-se melhor marcador do Mundial, com quatro golos, antes de Fred (49) e Fernandinho (84) completarem o resultado. No Recife, Rafael Marquez (72), Andres Guardado (75), Javier Hernandez (82) marcaram para os mexicanos, respondendo a Cro&aacute;cia por Perisic (87).</span></p>\r\n\r\n<p><span id="ctl00_bcr_ThisContent">O Brasil e o M&eacute;xico terminaram ambos com sete pontos, mas os &quot;canarinhos&quot; com uma melhor diferen&ccedil;a de golos, enquanto a Cro&aacute;cia somou tr&ecirc;s pontos e os Camar&otilde;es nenhum. Nos oitavos de final, a equipa comandada por Luiz Felipe Scolari enfrenta o Chile, segundo do Grupo B, e a sele&ccedil;&atilde;o mexicana defronta a Holanda.</span></p>\r\n\r\n<p><span>Fonte: <a href="http://www.jn.pt" target="_blank">Jornal de Not&iacute;cias</a></span></p>\r\n</div>\r\n</div>\r\n</div>\r\n', 'Brasil e México nos &quot;oitavos&quot; com vitórias sobre Camarões e Croácia   O anfitrião Brasil e o México qualificaram-se esta segunda-feira para os oitavos de final do Mundial de futebol de 2014, como primeiro e segundo do Grupo A, depois de derrotarem Camarões (4-1) e Croácia (3-1), respetivamente     Em Brasília, depois de Neymar inaugurar o marcador (17 minutos), os Camarões ainda marcaram por Matip (26), mas o jogador do FC Barcelona fez o &quot;bis&quot; (35), tornando-se melhor marcador do Mundial, com quatro golos, antes de Fred (49) e Fernandinho (84) completarem o resultado. No Recife, Rafael Marquez (72), Andres Guardado (75), Javier Hernandez (82) marcaram para os mexicanos, respondendo a Croácia por Perisic (87). O Brasil e o México terminaram ambos com sete pontos, mas os &quot;canarinhos&quot; com uma melhor diferença de golos, enquanto a Croácia somou três pontos e os Camarões nenhum. Nos oitavos de final, a equipa comandada por Luiz Felipe Scolari enfrenta o Chile, segundo do Grupo B, e a seleção mexicana defronta a Holanda. Fonte: Jornal de Notícias'),
(2, 2, '<p><img alt="" src="http://news.simply-webspace.com.pt/couch/uploads/image/andresousa.jpg" style="width: 107px; height: 85px;" /></p>\r\n', ''),
(2, 4, '<p><img alt="" src="http://news.simply-webspace.com.pt/couch/uploads/image/suarez.jpg" style="width: 107px; height: 85px;" /></p>\r\n', ''),
(2, 5, '<p><img alt="" src="http://news.simply-webspace.com.pt/couch/uploads/image/bento.jpg" style="width: 107px; height: 85px;" /></p>\r\n', ''),
(2, 6, '<p><img alt="" src="http://news.simply-webspace.com.pt/couch/uploads/image/buffon.JPG" style="width: 107px; height: 85px;" /></p>\r\n', ''),
(2, 8, '<p><a href="http://www.bet365.com/pt/" target="_blank"><img alt="" height="110" src="http://news.simply-webspace.com.pt/couch/uploads/image/bet_adv.jpg" width="554" /></a></p>\r\n\r\n<h6>PUBLICIDADE</h6>\r\n', 'PUBLICIDADE'),
(2, 9, '<p><img alt="" src="http://news.simply-webspace.com.pt/couch/uploads/image/banner3.jpg" style="width: 370px; height: 178px;" /></p>\r\n\r\n<p>&nbsp;</p>\r\n', ' '),
(2, 10, '<h3>&nbsp;<a href="http://news.simply-webspace.com.pt/artigo.php?p=44" title="Namorada de André deixa mensagem emocionada">Namorada de Andr&eacute; deixa mensagem emocionada</a></h3>\r\n', ' Namorada de André deixa mensagem emocionada'),
(2, 11, '<h3><a href="http://news.simply-webspace.com.pt/artigo.php?p=4" title="Dentada de Suárez rendeu dinheiro a mais de 100 apostadores">Dentada de Su&aacute;rez rendeu dinheiro a mais de 100...</a></h3>\r\n', 'Dentada de Suárez rendeu dinheiro a mais de 100...'),
(2, 12, '<h3><a href="http://news.simply-webspace.com.pt/artigo.php?p=5" title="Bento vai dar a cara e abandona a seleção">Bento vai dar a cara e abandona a sele&ccedil;&atilde;o</a></h3>\r\n', 'Bento vai dar a cara e abandona a seleção'),
(2, 13, '<h3><a href="http://news.simply-webspace.com.pt/artigo.php?p=6" title="Cesare Prandelli assume culpa pela eliminação da Itália e demite-se">Cesare Prandelli assume culpa pela elimina&ccedil;&atilde;o ...</a></h3>\r\n', 'Cesare Prandelli assume culpa pela eliminação ...'),
(4, 1, '<h1 id="NewsTitle"><span id="ctl00_bcr_ThisContent">Dentada de Su&aacute;rez rendeu dinheiro a mais de 100 apostadores</span></h1>\r\n\r\n<p><img alt="" src="http://news.simply-webspace.com.pt/couch/uploads/image/ng3411626.JPG" style="width: 485px; height: 358px;" /></p>\r\n\r\n<div id="Article">\r\n<p id="NewsSummary"><span id="ctl00_bcr_ThisContent">Os protestos do italiano Chiellini quando Su&aacute;rez lhe cravou os dentes no ombro, esta ter&ccedil;a-feira, num jogo do Campeonato do Mundo, foram motivo de celebra&ccedil;&atilde;o na Su&eacute;cia. Mais de cem pessoas que apostaram num desvario do jogador uruguaio ganharam dinheiro naquele momento. </span></p>\r\n\r\n<div>\r\n<div>\r\n<p><span id="ctl00_bcr_ThisContent">Depois de j&aacute; ter sido castigado por ter mordido um advers&aacute;rio por duas vezes, a fama de Su&aacute;rez fez com que o site de apostas Betsafe permitisse aos clientes apostarem numa nova dentada do jogador uruguaio durante o Campeonato do Mundo 2014. As hip&oacute;teses eram de 175 para 1.</span></p>\r\n\r\n<p><span id="ctl00_bcr_ThisContent">Mais de cem apostadores apostaram na dentada e ganharam dinheiro na &uacute;ltima partida do grupo D entre a It&aacute;lia e o Uruguai, que ditou o afastamento da sele&ccedil;&atilde;o europeia do campeonato.</span></p>\r\n\r\n<p><span id="ctl00_bcr_ThisContent">Jonathan Braeck foi um dos vencedores do dia. Apostou menos de nove euros e acabou por ficar com cerca de 1500 euros no bolso. &quot;Primeiro pensei que poderia apostar um pouco mais, mas um amigo disse-me que estava a desperdi&ccedil;ar dinheiro&quot;, disse o o jovem sueco ao jornal &quot;SportExpressen&quot;.</span></p>\r\n\r\n<p><span id="ctl00_bcr_ThisContent">A aposta foi feita sem convic&ccedil;&atilde;o, j&aacute; que Jonathan acreditava apenas que o atleta uruguaio poderia fazer &quot;algo est&uacute;pido&quot;, mas acabou por render dinheiro suficiente para que o sueco v&aacute; assistir, em Inglaterra, a um jogo do Manchester United.</span></p>\r\n\r\n<p><span id="ctl00_bcr_ThisContent">O caso da dentada est&aacute; a ser investigado pela FIFA.</span></p>\r\n\r\n<p>&nbsp;</p>\r\n\r\n<p><span>Fonte: <a href="http://www.jn.pt" target="_blank">Jornal de Not&iacute;cias</a></span></p>\r\n</div>\r\n</div>\r\n</div>\r\n', 'Dentada de Suárez rendeu dinheiro a mais de 100 apostadores Os protestos do italiano Chiellini quando Suárez lhe cravou os dentes no ombro, esta terça-feira, num jogo do Campeonato do Mundo, foram motivo de celebração na Suécia. Mais de cem pessoas que apostaram num desvario do jogador uruguaio ganharam dinheiro naquele momento. Depois de já ter sido castigado por ter mordido um adversário por duas vezes, a fama de Suárez fez com que o site de apostas Betsafe permitisse aos clientes apostarem numa nova dentada do jogador uruguaio durante o Campeonato do Mundo 2014. As hipóteses eram de 175 para 1. Mais de cem apostadores apostaram na dentada e ganharam dinheiro na última partida do grupo D entre a Itália e o Uruguai, que ditou o afastamento da seleção europeia do campeonato. Jonathan Braeck foi um dos vencedores do dia. Apostou menos de nove euros e acabou por ficar com cerca de 1500 euros no bolso. &quot;Primeiro pensei que poderia apostar um pouco mais, mas um amigo disse-me que estava a desperdiçar dinheiro&quot;, disse o o jovem sueco ao jornal &quot;SportExpressen&quot;. A aposta foi feita sem convicção, já que Jonathan acreditava apenas que o atleta uruguaio poderia fazer &quot;algo estúpido&quot;, mas acabou por render dinheiro suficiente para que o sueco vá assistir, em Inglaterra, a um jogo do Manchester United. O caso da dentada está a ser investigado pela FIFA.   Fonte: Jornal de Notícias'),
(4, 2, '<p><img alt="" src="http://news.simply-webspace.com.pt/couch/uploads/image/andresousa.jpg" style="width: 107px; height: 85px;" /></p>\r\n', ''),
(4, 4, '<p><img alt="" src="http://news.simply-webspace.com.pt/couch/uploads/image/suarez.jpg" style="width: 107px; height: 85px;" /></p>\r\n', ''),
(4, 5, '<p><img alt="" src="http://news.simply-webspace.com.pt/couch/uploads/image/bento.jpg" style="width: 107px; height: 85px;" /></p>\r\n', ''),
(4, 6, '<p><img alt="" src="http://news.simply-webspace.com.pt/couch/uploads/image/buffon.JPG" style="width: 107px; height: 85px;" /></p>\r\n', ''),
(4, 8, '<p><a href="http://www.bet365.com/pt"><img alt="" src="http://news.simply-webspace.com.pt/couch/uploads/image/bet_adv.jpg" style="width: 554px; height: 110px;" /></a></p>\r\n\r\n<p>Publicidade</p>\r\n', 'Publicidade'),
(4, 9, '<p><img alt="" src="http://news.simply-webspace.com.pt/couch/uploads/image/banner3.jpg" style="width: 370px; height: 178px;" /></p>\r\n', ''),
(4, 10, '<h3><a href="http://news.simply-webspace.com.pt/artigo.php?p=44" title="Namorada de André deixa mensagem emocionada">Namorada de Andr&eacute; deixa mensagem emocionada</a></h3>\r\n', 'Namorada de André deixa mensagem emocionada'),
(4, 11, '<h3><a href="http://news.simply-webspace.com.pt/artigo.php?p=4" title="Dentada de Suárez rendeu dinheiro a mais de 100 apostadores">Dentada de Su&aacute;rez rendeu dinheiro a mais de 100...</a></h3>\r\n', 'Dentada de Suárez rendeu dinheiro a mais de 100...'),
(4, 12, '<h3><a href="http://news.simply-webspace.com.pt/artigo.php?p=5" title="Bento vai dar a cara e abandona a seleção">Bento vai dar a cara e abandona a sele&ccedil;&atilde;o</a></h3>\r\n', 'Bento vai dar a cara e abandona a seleção'),
(4, 13, '<h3><a href="http://news.simply-webspace.com.pt/artigo.php?p=6" title="Cesare Prandelli assume culpa pela eliminação da Itália e demite-se">Cesare Prandelli assume culpa pela elimina&ccedil;&atilde;o ...</a></h3>\r\n', 'Cesare Prandelli assume culpa pela eliminação ...'),
(5, 1, '<h1 id="NewsTitle"><span id="ctl00_bcr_ThisContent">Bento vai dar a cara e abandona a sele&ccedil;&atilde;o</span></h1>\r\n\r\n<p><span><img alt="" src="http://news.simply-webspace.com.pt/couch/uploads/image/bento.jpg" style="width: 485px; height: 324px;" /></span></p>\r\n\r\n<p id="NewsSummary">&Eacute; na hora do naufr&aacute;gio que se percebe a casta dos comandantes. Paulo Bento ir&aacute; dar a cara e assumir as responsabilidades no momento de fazer o balan&ccedil;o da participa&ccedil;&atilde;o da equipa das quinas no Mundial do Brasil.</p>\r\n\r\n<div>\r\n<p>Para j&aacute;, o selecionador tenta manter concentrados os jogadores para o decisivo jogo desta quinta-feira, em Bras&iacute;lia, diante do Gana, no fecho do Grupo G, alimentando ainda a esperan&ccedil;a da qualifica&ccedil;&atilde;o para os oitavos de final. Esta ter&ccedil;a-feira, em confer&ecirc;ncia de imprensa, em Campinas, Humberto Coelho, vice-presidente da Federa&ccedil;&atilde;o Portuguesa de Futebol (FPF), acompanhado pelo m&eacute;dico Henrique Jones, procurou apoiar, publicamente, o t&eacute;cnico, mas a verdade &eacute; que, por mais de uma vez, deixou escapar alguma insatisfa&ccedil;&atilde;o.</p>\r\n\r\n<p>Numa altura em que Portugal ainda n&atilde;o est&aacute; afastado da prova, teria sido importante ouvir um discurso bem mais caloroso e motivador. E isso ter&aacute; deixado o t&eacute;cnico triste e decidido a, independentemente do que vier a acontecer nas quatro linhas, abandonar a sele&ccedil;&atilde;o no final do Mundial, depois de, como j&aacute; prometeu publicamente, assumir todas as responsabilidades no momento oportuno. O facto de, recentemente, ter renovado at&eacute; 2016 n&atilde;o ser&aacute; entrave.</p>\r\n\r\n<p><span>Fonte: <a href="http://www.jn.pt" target="_blank">Jornal de Not&iacute;cias</a></span></p>\r\n</div>\r\n', 'Bento vai dar a cara e abandona a seleção É na hora do naufrágio que se percebe a casta dos comandantes. Paulo Bento irá dar a cara e assumir as responsabilidades no momento de fazer o balanço da participação da equipa das quinas no Mundial do Brasil. Para já, o selecionador tenta manter concentrados os jogadores para o decisivo jogo desta quinta-feira, em Brasília, diante do Gana, no fecho do Grupo G, alimentando ainda a esperança da qualificação para os oitavos de final. Esta terça-feira, em conferência de imprensa, em Campinas, Humberto Coelho, vice-presidente da Federação Portuguesa de Futebol (FPF), acompanhado pelo médico Henrique Jones, procurou apoiar, publicamente, o técnico, mas a verdade é que, por mais de uma vez, deixou escapar alguma insatisfação. Numa altura em que Portugal ainda não está afastado da prova, teria sido importante ouvir um discurso bem mais caloroso e motivador. E isso terá deixado o técnico triste e decidido a, independentemente do que vier a acontecer nas quatro linhas, abandonar a seleção no final do Mundial, depois de, como já prometeu publicamente, assumir todas as responsabilidades no momento oportuno. O facto de, recentemente, ter renovado até 2016 não será entrave. Fonte: Jornal de Notícias'),
(5, 2, '<p><img alt="" src="http://news.simply-webspace.com.pt/couch/uploads/image/andresousa.jpg" style="width: 107px; height: 85px;" /></p>\r\n', ''),
(5, 4, '<p><img alt="" src="http://news.simply-webspace.com.pt/couch/uploads/image/suarez.jpg" style="width: 107px; height: 85px;" /></p>\r\n', ''),
(5, 5, '<p><img alt="" src="http://news.simply-webspace.com.pt/couch/uploads/image/bento.jpg" style="width: 107px; height: 85px;" /></p>\r\n', ''),
(5, 6, '<p><img alt="" src="http://news.simply-webspace.com.pt/couch/uploads/image/buffon.JPG" style="width: 107px; height: 85px;" /></p>\r\n', ''),
(5, 8, '<p><a href="http://bet365.com/pt"><img alt="" src="http://news.simply-webspace.com.pt/couch/uploads/image/bet_adv.jpg" style="width: 554px; height: 110px;" /></a></p>\r\n', ''),
(5, 9, '<p><img alt="" src="http://news.simply-webspace.com.pt/couch/uploads/image/banner3.jpg" style="width: 370px; height: 178px;" /></p>\r\n', ''),
(5, 10, '<h3><a href="http://news.simply-webspace.com.pt/artigo.php?p=44" title="Namorada de André deixa mensagem emocionada">Namorada de Andr&eacute; deixa mensagem emocionada</a></h3>\r\n', 'Namorada de André deixa mensagem emocionada'),
(5, 11, '<h3><a href="http://news.simply-webspace.com.pt/artigo.php?p=4" title="Dentada de Suárez rendeu dinheiro a mais de 100 apostadores">Dentada de Su&aacute;rez rendeu dinheiro a mais de 100...</a></h3>\r\n', 'Dentada de Suárez rendeu dinheiro a mais de 100...'),
(5, 12, '<h3><a href="http://news.simply-webspace.com.pt/artigo.php?p=5" title="Bento vai dar a cara e abandona a seleção">Bento vai dar a cara e abandona a sele&ccedil;&atilde;o</a></h3>\r\n', 'Bento vai dar a cara e abandona a seleção'),
(5, 13, '<h3><a href="http://news.simply-webspace.com.pt/artigo.php?p=6" title="Cesare Prandelli assume culpa pela eliminação da Itália e demite-se">Cesare Prandelli assume culpa pela elimina&ccedil;&atilde;o ...</a></h3>\r\n', 'Cesare Prandelli assume culpa pela eliminação ...'),
(6, 1, '<h1 id="NewsTitle"><span id="ctl00_bcr_ThisContent">Cesare Prandelli assume culpa pela elimina&ccedil;&atilde;o da It&aacute;lia e demite-se</span></h1>\r\n\r\n<p><img alt="Cesare Prandelli assume culpa pela eliminação da Itália e demite-se" src="http://news.simply-webspace.com.pt/couch/uploads/image/buffon.JPG" style="border-width: 0px; border-style: solid; width: 485px; height: 335px;" /></p>\r\n\r\n<p>&nbsp;</p>\r\n\r\n<p id="NewsSummary">O selecionador Cesare Prandelli e o presidente da Federa&ccedil;&atilde;o Italiana de Futebol, Giancarlo Abete, demitiram-se, esta ter&ccedil;a-feira, na sequ&ecirc;ncia da elimina&ccedil;&atilde;o da It&aacute;lia na fase de grupos do Mundial2014.</p>\r\n\r\n<div>\r\n<p>Depois da derrota por 1-0 com o Uruguai, que deixou os transalpinos na terceira posi&ccedil;&atilde;o do Grupo D e, consequentemente, fora dos oitavos de final do Mundial do Brasil, o selecionador Cesare Prandelli anunciou que se demitia.</p>\r\n\r\n<p>Apesar de Abete ter garantido tudo fazer para demover o t&eacute;cnico italiano, Prandelli foi claro: &quot;N&atilde;o vou voltar atr&aacute;s na minha decis&atilde;o&quot;.</p>\r\n\r\n<p>&quot;O projeto t&eacute;cnico &eacute; da minha responsabilidade e eu informei a federa&ccedil;&atilde;o que apresentava a minha demiss&atilde;o, porque, quando um projeto t&eacute;cnico falha, &eacute; preciso haver uma responsabiliza&ccedil;&atilde;o&quot;, defendeu o treinador de 56 anos.</p>\r\n\r\n<p>Prandelli reconheceu que hoje a It&aacute;lia n&atilde;o construiu qualquer ocasi&atilde;o de golo, &quot;provavelmente&quot; porque &eacute; tecnicamente limitada ou mal estruturada, uma responsabilidade que chamou a si.</p>\r\n\r\n<p>&quot;Desde que prolonguei o meu contrato, qualquer coisa mudou, n&atilde;o sei bem porqu&ecirc;&quot;, reconheceu, referindo-se &agrave; sua renova&ccedil;&atilde;o de contrato at&eacute; 2016, assinada antes do Mundial2014.</p>\r\n\r\n<p>Logo ap&oacute;s as declara&ccedil;&otilde;es de Prandelli, tamb&eacute;m Giancarlo Abete anunciou a sua demiss&atilde;o &quot;irrevog&aacute;vel&quot;, uma decis&atilde;o que diz ter tomado antes da competi&ccedil;&atilde;o.</p>\r\n\r\n<p>Esta &eacute; a segunda elimina&ccedil;&atilde;o consecutiva da It&aacute;lia na fase de grupos de Campeonatos do Mundo. Os italianos foram campe&otilde;es mundiais em 2006, na Alemanha.</p>\r\n</div>\r\n', 'Cesare Prandelli assume culpa pela eliminação da Itália e demite-se   O selecionador Cesare Prandelli e o presidente da Federação Italiana de Futebol, Giancarlo Abete, demitiram-se, esta terça-feira, na sequência da eliminação da Itália na fase de grupos do Mundial2014. Depois da derrota por 1-0 com o Uruguai, que deixou os transalpinos na terceira posição do Grupo D e, consequentemente, fora dos oitavos de final do Mundial do Brasil, o selecionador Cesare Prandelli anunciou que se demitia. Apesar de Abete ter garantido tudo fazer para demover o técnico italiano, Prandelli foi claro: &quot;Não vou voltar atrás na minha decisão&quot;. &quot;O projeto técnico é da minha responsabilidade e eu informei a federação que apresentava a minha demissão, porque, quando um projeto técnico falha, é preciso haver uma responsabilização&quot;, defendeu o treinador de 56 anos. Prandelli reconheceu que hoje a Itália não construiu qualquer ocasião de golo, &quot;provavelmente&quot; porque é tecnicamente limitada ou mal estruturada, uma responsabilidade que chamou a si. &quot;Desde que prolonguei o meu contrato, qualquer coisa mudou, não sei bem porquê&quot;, reconheceu, referindo-se à sua renovação de contrato até 2016, assinada antes do Mundial2014. Logo após as declarações de Prandelli, também Giancarlo Abete anunciou a sua demissão &quot;irrevogável&quot;, uma decisão que diz ter tomado antes da competição. Esta é a segunda eliminação consecutiva da Itália na fase de grupos de Campeonatos do Mundo. Os italianos foram campeões mundiais em 2006, na Alemanha.'),
(6, 2, '<p><img alt="" src="http://news.simply-webspace.com.pt/couch/uploads/image/andresousa.jpg" style="width: 107px; height: 85px;" /></p>\r\n', ''),
(6, 4, '<p><img alt="" src="http://news.simply-webspace.com.pt/couch/uploads/image/suarez.jpg" style="width: 107px; height: 85px;" /></p>\r\n', ''),
(6, 5, '<p><img alt="" src="http://news.simply-webspace.com.pt/couch/uploads/image/bento.jpg" style="width: 107px; height: 85px;" /></p>\r\n', ''),
(6, 6, '<p><img alt="" src="http://news.simply-webspace.com.pt/couch/uploads/image/buffon.JPG" style="width: 107px; height: 85px;" /></p>\r\n', ''),
(6, 8, '<p><img alt="" src="http://news.simply-webspace.com.pt/couch/uploads/image/bet_adv.jpg" style="width: 554px; height: 110px;" /></p>\r\n', ''),
(6, 9, '<p><img alt="" src="http://news.simply-webspace.com.pt/couch/uploads/image/banner3.jpg" style="width: 370px; height: 178px;" /></p>\r\n', ''),
(6, 10, '<h3><a href="http://news.simply-webspace.com.pt/artigo.php?p=44" title="Namorada de André deixa mensagem emocionada">Namorada de Andr&eacute; deixa mensagem emocionada</a></h3>\r\n', 'Namorada de André deixa mensagem emocionada'),
(6, 11, '<h3><a href="http://news.simply-webspace.com.pt/artigo.php?p=4" title="Dentada de Suárez rendeu dinheiro a mais de 100 apostadores">Dentada de Su&aacute;rez rendeu dinheiro a mais de 100...</a></h3>\r\n', 'Dentada de Suárez rendeu dinheiro a mais de 100...'),
(6, 12, '<h3><a href="http://news.simply-webspace.com.pt/artigo.php?p=5" title="Bento vai dar a cara e abandona a seleção">Bento vai dar a cara e abandona a sele&ccedil;&atilde;o</a></h3>\r\n', 'Bento vai dar a cara e abandona a seleção'),
(6, 13, '<h3><a href="http://news.simply-webspace.com.pt/artigo.php?p=6" title="Cesare Prandelli assume culpa pela eliminação da Itália e demite-se">Cesare Prandelli assume culpa pela elimina&ccedil;&atilde;o ...</a></h3>\r\n', 'Cesare Prandelli assume culpa pela eliminação ...'),
(7, 1, '<h1 id="NewsTitle"><span id="ctl00_bcr_ThisContent">Irm&atilde; do rei de Espanha vai a julgamento por fraude fiscal</span></h1>\r\n\r\n<p><span id="ctl00_bcr_ThisContent">A infanta Cristina, irm&atilde; de Filipe VI, novo rei de Espanha, e o marido, I&ntilde;aki Urdangarin, foram formalmente acusados de fraude fiscal e lavagem de dinheiro. Suspeitos do desvio de milh&otilde;es de euros, v&atilde;o sentar-se no banco dos r&eacute;us. </span></p>\r\n\r\n<p>&nbsp;</p>\r\n\r\n<p><span><img alt="" src="http://news.simply-webspace.com.pt/couch/uploads/image/irmarei.jpg" style="width: 366px; height: 206px;" /></span></p>\r\n\r\n<p>&nbsp;</p>\r\n\r\n<p><span id="ctl00_bcr_ThisContent">O juiz de instru&ccedil;&atilde;o considera Cristina de Borb&oacute;n respons&aacute;vel por um delito conta a Fazenda p&uacute;blica como c&uacute;mplice dos delitos fiscais cometidos pelo marido, I&ntilde;aki Urdangarin, nos exerc&iacute;cios fiscais de 2007 e 2008, atrav&eacute;s da empresa Aizoon, uma sociedade familiar em que cada um tem uma quota de 50%.</span></p>\r\n\r\n<p><span id="ctl00_bcr_ThisContent">A decis&atilde;o faz parte do texto de 167 p&aacute;ginas que marca o final da fase de instru&ccedil;&atilde;o do caso conhecido com N&oacute;os, um dos que mais danificou a imagem da fam&iacute;lia real e da monarquia espanholas.</span></p>\r\n\r\n<p><span id="ctl00_bcr_ThisContent">No texto, o juiz Jos&eacute; Castro apela ao Minist&eacute;rio P&uacute;blico e &agrave;s acusa&ccedil;&otilde;es particulares para que solicitem a abertura da instru&ccedil;&atilde;o do julgamento, formulando por escrito a sua acusa&ccedil;&atilde;o num prazo de 20 dias.</span></p>\r\n\r\n<p><span id="ctl00_bcr_ThisContent">Em concreto, a infanta Cristina est&aacute; acusada com o marido por dois delitos de fraude fiscal e por um delito de branqueamento de capitais.</span></p>\r\n\r\n<p><span id="ctl00_bcr_ThisContent">O procurador anticorrup&ccedil;&atilde;o Pedro Horrach confirmou j&aacute;, hoje de manh&atilde;, que vai recorrer da decis&atilde;o do juiz por considerar que &quot;continua a n&atilde;o haver qualquer elemento contra&quot; a infanta.</span></p>\r\n\r\n<p><span id="ctl00_bcr_ThisContent">Horrach considerou que esta &eacute; a &uacute;nica discrep&acirc;ncia que tem tido com o juiz Castro neste processo.</span></p>\r\n\r\n<p><span id="ctl00_bcr_ThisContent">H&aacute; ainda 13 outros arguidos no processo cuja investiga&ccedil;&atilde;o se alargou &agrave;s administra&ccedil;&otilde;es regionais nas Baleares, Val&ecirc;ncia e Madrid.</span></p>\r\n\r\n<p><span id="ctl00_bcr_ThisContent">Entre eles contam-se o ex-s&oacute;cio de Urdangarin, Diego Torres, a sua mulher Ana Mar&iacute;a Tejeiro, e dois irm&atilde;os, o ex-presidente do Governo das Baleares Jaume Matas e v&aacute;rios outros respons&aacute;veis de organismos p&uacute;blicos da regi&atilde;o.</span></p>\r\n\r\n<p><span id="ctl00_bcr_ThisContent">H&aacute; ainda acusados v&aacute;rios respons&aacute;veis de organismos p&uacute;blicos de Val&ecirc;ncia e uma de Madrid.</span></p>\r\n\r\n<p><span id="ctl00_bcr_ThisContent">A fase de instru&ccedil;&atilde;o do processo - que investigou o alegado desvio de fundos p&uacute;blicos pelo instituto N&oacute;os, presidido por Urdangarin entre 2003 e 2006 - demorou 1436 dias e resultou num processo de mais de 58 mil p&aacute;ginas e 62 volumes.</span></p>\r\n\r\n<p><span id="ctl00_bcr_ThisContent">Foi aberto em fevereiro de 2006 depois do PSOE nas Ilhas Baleares ter questionado no parlamento regional o pagamento de 1,2 milh&otilde;es de euros ao Instituto N&oacute;os pelo Governo regional para a realiza&ccedil;&atilde;o de um encontro sobre turismo.</span></p>\r\n\r\n<p><span id="ctl00_bcr_ThisContent">Investiga&ccedil;&otilde;es posteriores levaram &agrave; an&aacute;lise de outros acordos com o N&oacute;os, tendo o processo acelerado em 2011 depois das primeiras rusgas e da primeira audi&ccedil;&atilde;o ao s&oacute;cio de Urdangarin, Diego Torres.</span></p>\r\n\r\n<p><span id="ctl00_bcr_ThisContent">O cunhado do rei espanhol foi constitu&iacute;do arguido em dezembro de 2011 e a sua mulher, a infanta Cristina, a 7 de janeiro, tendo prestado declara&ccedil;&otilde;es ao juiz instrutor durante seis horas no passado dia 8 de fevereiro.</span></p>\r\n\r\n<p><span id="ctl00_bcr_ThisContent">Nessa audi&ccedil;&atilde;o hist&oacute;rica - pela primeira vez, um membro de uma casa real europeia respondeu perante a justi&ccedil;a por um caso de corrup&ccedil;&atilde;o - Cristina negou envolvimento no caso N&oacute;os e desconhecimento sobre muitas das perguntas colocadas.</span></p>\r\n\r\n<p><span id="ctl00_bcr_ThisContent">A infanta Cristina foi a &uacute;nica ausente das recentes cerim&oacute;nias de abdica&ccedil;&atilde;o do seu pai, Juan Carlos, e de proclama&ccedil;&atilde;o do seu irm&atilde;o, Felipe VI.</span></p>\r\n\r\n<p><span id="ctl00_bcr_ThisContent">Esta semana foi visitada pela rainha Sofia na sua casa em Genebra (Su&iacute;&ccedil;a).</span></p>\r\n', 'Irmã do rei de Espanha vai a julgamento por fraude fiscal A infanta Cristina, irmã de Filipe VI, novo rei de Espanha, e o marido, Iñaki Urdangarin, foram formalmente acusados de fraude fiscal e lavagem de dinheiro. Suspeitos do desvio de milhões de euros, vão sentar-se no banco dos réus.     O juiz de instrução considera Cristina de Borbón responsável por um delito conta a Fazenda pública como cúmplice dos delitos fiscais cometidos pelo marido, Iñaki Urdangarin, nos exercícios fiscais de 2007 e 2008, através da empresa Aizoon, uma sociedade familiar em que cada um tem uma quota de 50%. A decisão faz parte do texto de 167 páginas que marca o final da fase de instrução do caso conhecido com Nóos, um dos que mais danificou a imagem da família real e da monarquia espanholas. No texto, o juiz José Castro apela ao Ministério Público e às acusações particulares para que solicitem a abertura da instrução do julgamento, formulando por escrito a sua acusação num prazo de 20 dias. Em concreto, a infanta Cristina está acusada com o marido por dois delitos de fraude fiscal e por um delito de branqueamento de capitais. O procurador anticorrupção Pedro Horrach confirmou já, hoje de manhã, que vai recorrer da decisão do juiz por considerar que &quot;continua a não haver qualquer elemento contra&quot; a infanta. Horrach considerou que esta é a única discrepância que tem tido com o juiz Castro neste processo. Há ainda 13 outros arguidos no processo cuja investigação se alargou às administrações regionais nas Baleares, Valência e Madrid. Entre eles contam-se o ex-sócio de Urdangarin, Diego Torres, a sua mulher Ana María Tejeiro, e dois irmãos, o ex-presidente do Governo das Baleares Jaume Matas e vários outros responsáveis de organismos públicos da região. Há ainda acusados vários responsáveis de organismos públicos de Valência e uma de Madrid. A fase de instrução do processo - que investigou o alegado desvio de fundos públicos pelo instituto Nóos, presidido por Urdangarin entre 2003 e 2006 - demorou 1436 dias e resultou num processo de mais de 58 mil páginas e 62 volumes. Foi aberto em fevereiro de 2006 depois do PSOE nas Ilhas Baleares ter questionado no parlamento regional o pagamento de 1,2 milhões de euros ao Instituto Nóos pelo Governo regional para a realização de um encontro sobre turismo. Investigações posteriores levaram à análise de outros acordos com o Nóos, tendo o processo acelerado em 2011 depois das primeiras rusgas e da primeira audição ao sócio de Urdangarin, Diego Torres. O cunhado do rei espanhol foi constituído arguido em dezembro de 2011 e a sua mulher, a infanta Cristina, a 7 de janeiro, tendo prestado declarações ao juiz instrutor durante seis horas no passado dia 8 de fevereiro. Nessa audição histórica - pela primeira vez, um membro de uma casa real europeia respondeu perante a justiça por um caso de corrupção - Cristina negou envolvimento no caso Nóos e desconhecimento sobre muitas das perguntas colocadas. A infanta Cristina foi a única ausente das recentes cerimónias de abdicação do seu pai, Juan Carlos, e de proclamação do seu irmão, Felipe VI. Esta semana foi visitada pela rainha Sofia na sua casa em Genebra (Suíça).'),
(7, 2, '<p><img alt="" src="http://news.simply-webspace.com.pt/couch/uploads/image/andresousa.jpg" style="width: 107px; height: 85px;" /></p>\r\n', ''),
(7, 4, '<p><img alt="" src="http://news.simply-webspace.com.pt/couch/uploads/image/suarez.jpg" style="width: 107px; height: 85px;" /></p>\r\n', ''),
(7, 5, '<p><img alt="" src="http://news.simply-webspace.com.pt/couch/uploads/image/bento.jpg" style="width: 107px; height: 85px;" /></p>\r\n', ''),
(7, 6, '<p><img alt="" src="http://news.simply-webspace.com.pt/couch/uploads/image/buffon.JPG" style="width: 107px; height: 85px;" /></p>\r\n', ''),
(7, 8, '<p><a href="http://news.simply-webspace.com.pt/categoria.php?p=23"><img alt="" src="http://news.simply-webspace.com.pt/couch/uploads/image/header_mundial660.png" style="width: 660px; height: 48px;" /></a></p>\r\n', ''),
(7, 9, '<p><img alt="" src="http://news.simply-webspace.com.pt/couch/uploads/image/banner3.jpg" style="width: 370px; height: 178px;" /></p>\r\n', ''),
(7, 10, '<h3><a href="http://news.simply-webspace.com.pt/artigo.php?p=44" title="Namorada de André deixa mensagem emocionada">Namorada de Andr&eacute; deixa mensagem emocionada</a></h3>\r\n', 'Namorada de André deixa mensagem emocionada'),
(7, 11, '<h3><a href="http://news.simply-webspace.com.pt/artigo.php?p=4" title="Dentada de Suárez rendeu dinheiro a mais de 100 apostadores">Dentada de Su&aacute;rez rendeu dinheiro a mais de 100...</a></h3>\r\n', 'Dentada de Suárez rendeu dinheiro a mais de 100...'),
(7, 12, '<h3><a href="http://news.simply-webspace.com.pt/artigo.php?p=5" title="Bento vai dar a cara e abandona a seleção">Bento vai dar a cara e abandona a sele&ccedil;&atilde;o</a></h3>\r\n', 'Bento vai dar a cara e abandona a seleção'),
(7, 13, '<h3><a href="http://news.simply-webspace.com.pt/artigo.php?p=6" title="Cesare Prandelli assume culpa pela eliminação da Itália e demite-se">Cesare Prandelli assume culpa pela elimina&ccedil;&atilde;o ...</a></h3>\r\n\r\n<p>&nbsp;</p>\r\n', 'Cesare Prandelli assume culpa pela eliminação ...  '),
(22, 38, '', ''),
(23, 38, '<h1 style="text-align: center;"><strong><img alt="" src="http://news.simply-webspace.com.pt/couch/uploads/image/mundial-2014.jpg" style="width: 20px; height: 28px;" /> Mundial 2014 <img alt="" src="http://news.simply-webspace.com.pt/couch/uploads/image/mundial-2014.jpg" style="width: 20px; height: 28px;" /></strong></h1>\r\n\r\n<p>&nbsp;</p>\r\n\r\n<h4><a href="http://news.simply-webspace.com.pt/artigo.php?p=6"><strong>C</strong><strong>esare Prandelli assume culpa pela elimina&ccedil;&atilde;o da It&aacute;lia e demite-se</strong></a></h4>\r\n\r\n<h4><a href="http://news.simply-webspace.com.pt/artigo.php?p=6"><strong><img alt="" src="http://news.simply-webspace.com.pt/couch/uploads/image/buffon.JPG" style="width: 100px; height: 69px;" /></strong></a></h4>\r\n\r\n<p id="NewsSummary">O selecionador Cesare Prandelli e o presidente da Federa&ccedil;&atilde;o Italiana de Futebol, Giancarlo Abete, demitiram-se, esta ter&ccedil;a-feira, na sequ&ecirc;ncia da elimina&ccedil;&atilde;o da It&aacute;lia na fase de grupos do Mundial2014...</p>\r\n\r\n<div class="sec-1-big-text lefty">\r\n<hr />\r\n<h4 id="NewsTitle"><a href="http://news.simply-webspace.com.pt/artigo.php?p=5"><strong><span id="ctl00_bcr_ThisContent">Bento vai dar a cara e abandona a sele&ccedil;&atilde;o</span></strong></a></h4>\r\n\r\n<p><a href="http://news.simply-webspace.com.pt/artigo.php?p=5"><span><img alt="" src="http://news.simply-webspace.com.pt/couch/uploads/image/bento.jpg" style="width: 100px; height: 67px;" /></span></a></p>\r\n\r\n<p>&Eacute; na hora do naufr&aacute;gio que se percebe a casta dos comandantes. Paulo Bento ir&aacute; dar a cara e assumir as responsabilidades no momento de fazer o balan&ccedil;o da participa&ccedil;&atilde;o da equipa das quinas no Mundial do Brasil...</p>\r\n\r\n<hr />\r\n<h4><a href="http://news.simply-webspace.com.pt/artigo.php?p=4"><strong>Dentada de Su&aacute;rez rendeu dinheiro a mais de 100 apostadores</strong></a></h4>\r\n\r\n<p><a href="http://news.simply-webspace.com.pt/artigo.php?p=4"><strong><img alt="" src="http://news.simply-webspace.com.pt/couch/uploads/image/ng3411626-1.jpg" style="width: 100px; height: 74px;" /></strong></a></p>\r\n\r\n<p id="NewsSummary"><span id="ctl00_bcr_ThisContent">Os protestos do italiano Chiellini quando Su&aacute;rez lhe cravou os dentes no ombro, esta ter&ccedil;a-feira, num jogo do Campeonato do Mundo, foram motivo de celebra&ccedil;&atilde;o na Su&eacute;cia. Mais de cem pessoas que apostaram num desvario do jogador uruguaio ganharam dinheiro naquele momento...</span></p>\r\n\r\n<hr />\r\n<h4><a href="http://news.simply-webspace.com.pt/artigo.php?p=2"><strong><span id="ctl00_bcr_ThisContent">Brasil e M&eacute;xico nos &quot;oitavos&quot; com vit&oacute;rias sobre Camar&otilde;es e Cro&aacute;cia</span></strong></a></h4>\r\n\r\n<p><a href="http://news.simply-webspace.com.pt/artigo.php?p=2"><strong><img alt="" src="http://news.simply-webspace.com.pt/couch/uploads/image/ng3408177.JPG" style="width: 100px; height: 75px;" /></strong></a></p>\r\n\r\n<p><span>O anfitri&atilde;o Brasil e o M&eacute;xico qualificaram-se esta segunda-feira para os oitavos de final do Mundial de futebol de 2014, como primeiro e segundo do Grupo A, depois de derrotarem Camar&otilde;es (4-1) e Cro&aacute;cia (3-1), respetivamente... </span></p>\r\n\r\n<hr /></div>\r\n', 'Mundial 2014   Cesare Prandelli assume culpa pela eliminação da Itália e demite-se O selecionador Cesare Prandelli e o presidente da Federação Italiana de Futebol, Giancarlo Abete, demitiram-se, esta terça-feira, na sequência da eliminação da Itália na fase de grupos do Mundial2014... Bento vai dar a cara e abandona a seleção É na hora do naufrágio que se percebe a casta dos comandantes. Paulo Bento irá dar a cara e assumir as responsabilidades no momento de fazer o balanço da participação da equipa das quinas no Mundial do Brasil... Dentada de Suárez rendeu dinheiro a mais de 100 apostadores Os protestos do italiano Chiellini quando Suárez lhe cravou os dentes no ombro, esta terça-feira, num jogo do Campeonato do Mundo, foram motivo de celebração na Suécia. Mais de cem pessoas que apostaram num desvario do jogador uruguaio ganharam dinheiro naquele momento... Brasil e México nos &quot;oitavos&quot; com vitórias sobre Camarões e Croácia O anfitrião Brasil e o México qualificaram-se esta segunda-feira para os oitavos de final do Mundial de futebol de 2014, como primeiro e segundo do Grupo A, depois de derrotarem Camarões (4-1) e Croácia (3-1), respetivamente...'),
(24, 39, '<p><strong><span id="ctl00_bcr_ThisContent">Brasil e M&eacute;xico nos &quot;oitavos&quot; com vit&oacute;rias sobre Camar&otilde;es e Cro&aacute;cia</span></strong></p>\r\n\r\n<p><em><strong><span>O anfitri&atilde;o Brasil e o M&eacute;xico qualificaram-se esta segunda-feira para os oitavos de final do Mundial de futebol de 2014,</span></strong></em></p>\r\n', 'Brasil e México nos &quot;oitavos&quot; com vitórias sobre Camarões e Croácia O anfitrião Brasil e o México qualificaram-se esta segunda-feira para os oitavos de final do Mundial de futebol de 2014,'),
(24, 40, ':pindex2.jpg', 'pindex2.jpg'),
(24, 42, 'Dentada de Suárez rendeu dinheiro a mais de 100 apostadores', 'Dentada de Suárez rendeu dinheiro a mais de 100 apostadores'),
(24, 43, 'Os protestos do italiano Chiellini quando Suárez lhe cravou os dentes no ombro...', 'Os protestos do italiano Chiellini quando Suárez lhe cravou os dentes no ombro...'),
(24, 48, 'Bento vai dar a cara e abandona a seleção !', 'Bento vai dar a cara e abandona a seleção !'),
(24, 49, 'Irmã do rei de Espanha vai a julgamento por fraude fiscal', 'Irmã do rei de Espanha vai a julgamento por fraude fiscal'),
(24, 50, 'Dentada de Suárez rendeu dinheiro a mais de 100 apostadores', 'Dentada de Suárez rendeu dinheiro a mais de 100 apostadores'),
(24, 51, ':banner3.jpg', 'banner3.jpg'),
(24, 52, ':banner1.jpg', 'banner1.jpg'),
(24, 53, ':banner02.jpg', 'banner02.jpg'),
(24, 54, ':123.jpg', '123.jpg'),
(24, 55, 'Irmã do rei de Espanha vai a julgamento por fraude fiscal...', 'Irmã do rei de Espanha vai a julgamento por fraude fiscal...'),
(24, 56, ':andresousa1.jpg', 'andresousa1.jpg'),
(24, 57, 'Namorada de André deixa mensagem emocionada', 'Namorada de André deixa mensagem emocionada'),
(24, 58, ':paredes1.jpg', 'paredes1.jpg'),
(24, 59, 'Conferencia final do projecto museu escola', 'Conferencia final do projecto museu escola'),
(24, 60, ':bento-1.jpg', 'bento-1.jpg'),
(24, 61, 'Paulo Bento deixa a Selecção', 'Paulo Bento deixa a Selecção'),
(24, 62, ':irmarei.jpg', 'irmarei.jpg'),
(24, 63, 'Irmã do rei de Espanha vai a julgamento por fraude fiscal', 'Irmã do rei de Espanha vai a julgamento por fraude fiscal'),
(24, 64, ':andresousa2.jpg', 'andresousa2.jpg'),
(24, 65, 'Namorada de André deixa mensagem emocionada', 'Namorada de André deixa mensagem emocionada'),
(24, 69, ':suarez1.jpg', 'suarez1.jpg'),
(24, 70, ':andresousa2.jpg', 'andresousa2.jpg'),
(24, 71, 'Namorada de André deixa mensagem emocionada', 'Namorada de André deixa mensagem emocionada'),
(24, 72, 'Namorada de André deixa mensagem emocionada', 'Namorada de André deixa mensagem emocionada'),
(24, 73, 'Irmã do rei de Espanha vai a julgamento por fraude fiscal', 'Irmã do rei de Espanha vai a julgamento por fraude fiscal'),
(24, 74, 'teste', 'teste'),
(24, 75, ':ir.jpg', 'ir.jpg'),
(24, 76, ':prog.jpg', 'prog.jpg'),
(24, 77, '“Dar Voz ao AVC&quot; aplicação informática para ajuda a pessoas com AVC', '“Dar Voz ao AVC&quot; aplicação informática para ajuda a pessoas com AVC'),
(24, 78, '“Dar Voz ao AVC&quot; é uma aplicação de software recentemente desenvolvida por Fethi Houita, ex-aluno do curso de Engenha-ria Informática [LEInf ] da Escola Superior de Tecnologia e Gestão do Instituto Politécnico de Viana do Castelo [ESTG-IPVC]. A aplicação (app) visa poder dotar as pessoas que sofreram AVC (e ficaram afásicas), de uma ferramenta para poder ex-pressar sentimentos, emoções, e desejos simples. É uma aplicação que emula parte do trabalho do terapeuta da Fala, com elementos de comunicação alternativa que, em vez de estarem no papel, são dotados de maior interactividade e têm som, comportando mais vantagens.', '“Dar Voz ao AVC&quot; é uma aplicação de software recentemente desenvolvida por Fethi Houita, ex-aluno do curso de Engenha-ria Informática [LEInf ] da Escola Superior de Tecnologia e Gestão do Instituto Politécnico de Viana do Castelo [ESTG-IPVC]. A aplicação (app) visa poder dotar as pessoas que sofreram AVC (e ficaram afásicas), de uma ferramenta para poder ex-pressar sentimentos, emoções, e desejos simples. É uma aplicação que emula parte do trabalho do terapeuta da Fala, com elementos de comunicação alternativa que, em vez de estarem no papel, são dotados de maior interactividade e têm som, comportando mais vantagens.'),
(39, 38, '<h1 style="text-align: center;"><strong><img alt="" src="http://news.simply-webspace.com.pt/couch/uploads/image/mundial-2014.jpg" style="width: 20px; height: 28px;" /> Programa&ccedil;&atilde;o <img alt="" src="http://news.simply-webspace.com.pt/couch/uploads/image/mundial-2014.jpg" style="width: 20px; height: 28px;" /></strong></h1>\r\n\r\n<p>&nbsp;</p>\r\n\r\n<h4><strong>The Daily life - Agora com liga&ccedil;&atilde;o a base de dados MySql.</strong></h4>\r\n\r\n<p><strong><img alt="" src="http://news.simply-webspace.com.pt/couch/uploads/image/bento.jpg" style="width: 100px; height: 67px;" /></strong></p>\r\n\r\n<p>Suspendisse dapibus blandit auctor. Aenean nisl felis, fermentum in ante sit amet, lobortis hendrerit nunc. Curabitur pharetra in velit at ornare. Pellentesque vitae nibh volutpat velit feugiat euismod ut a elit. Donec in felis rutrum risus bibendum cursus. Aliquam interdum aliquam elementum ...</p>\r\n\r\n<div class="sec-1-big-text lefty">\r\n<hr />\r\n<h4><strong>Famous artist share his tracks for free</strong></h4>\r\n\r\n<p><img alt="" src="http://news.simply-webspace.com.pt/couch/uploads/image/buffon-1.jpg" style="width: 100px; height: 69px;" /></p>\r\n\r\n<p>Suspendisse dapibus blandit auctor. Aenean nisl felis, fermentum in ante sit amet, lobortis hendrerit nunc. Curabitur pharetra in velit at ornare. Pellentesque vitae nibh volutpat velit feugiat euismod ut a elit. Donec in felis rutrum risus bibendum cursus. Aliquam interdum aliquam elementum ...</p>\r\n\r\n<hr />\r\n<h4><strong>Famous artist share his tracks for free</strong></h4>\r\n\r\n<p><strong><img alt="" src="http://news.simply-webspace.com.pt/couch/uploads/image/ng3411626-1.jpg" style="width: 100px; height: 74px;" /></strong></p>\r\n\r\n<p>Suspendisse dapibus blandit auctor. Aenean nisl felis, fermentum in ante sit amet, lobortis hendrerit nunc. Curabitur pharetra in velit at ornare. Pellentesque vitae nibh volutpat velit feugiat euismod ut a elit. Donec in felis rutrum risus bibendum cursus. Aliquam interdum aliquam elementum ...</p>\r\n\r\n<hr />\r\n<h4><strong>Famous artist share his tracks for free</strong></h4>\r\n\r\n<p><strong><img alt="" src="http://news.simply-webspace.com.pt/couch/uploads/image/ng3408177.JPG" style="width: 100px; height: 75px;" /></strong></p>\r\n\r\n<p>Suspendisse dapibus blandit auctor. Aenean nisl felis, fermentum in ante sit amet, lobortis hendrerit nunc. Curabitur pharetra in velit at ornare. Pellentesque vitae nibh volutpat velit feugiat euismod ut a elit. Donec in felis rutrum risus bibendum cursus. Aliquam interdum aliquam elementum ...</p>\r\n\r\n<hr />\r\n<h4><strong>Famous artist share his tracks for free</strong></h4>\r\n\r\n<p><strong><img alt="" src="http://news.simply-webspace.com.pt/couch/uploads/image/bento.jpg" style="width: 100px; height: 67px;" /></strong></p>\r\n\r\n<p>Suspendisse dapibus blandit auctor. Aenean nisl felis, fermentum in ante sit amet, lobortis hendrerit nunc. Curabitur pharetra in velit at ornare. Pellentesque vitae nibh volutpat velit feugiat euismod ut a elit. Donec in felis rutrum risus bibendum cursus. Aliquam interdum aliquam elementum ...</p>\r\n\r\n<div class="sec-1-big-text lefty">\r\n<hr />\r\n<h4><strong>Famous artist share his tracks for free</strong></h4>\r\n\r\n<p><img alt="" src="http://news.simply-webspace.com.pt/couch/uploads/image/buffon-1.jpg" style="width: 100px; height: 69px;" /></p>\r\n\r\n<p>Suspendisse dapibus blandit auctor. Aenean nisl felis, fermentum in ante sit amet, lobortis hendrerit nunc. Curabitur pharetra in velit at ornare. Pellentesque vitae nibh volutpat velit feugiat euismod ut a elit. Donec in felis rutrum risus bibendum cursus. Aliquam interdum aliquam elementum ...</p>\r\n\r\n<hr />\r\n<h4><strong>Famous artist share his tracks for free</strong></h4>\r\n\r\n<p><strong><img alt="" src="http://news.simply-webspace.com.pt/couch/uploads/image/ng3411626-1.jpg" style="width: 100px; height: 74px;" /></strong></p>\r\n\r\n<p>Suspendisse dapibus blandit auctor. Aenean nisl felis, fermentum in ante sit amet, lobortis hendrerit nunc. Curabitur pharetra in velit at ornare. Pellentesque vitae nibh volutpat velit feugiat euismod ut a elit. Donec in felis rutrum risus bibendum cursus. Aliquam interdum aliquam elementum ...</p>\r\n\r\n<hr />\r\n<h4><strong>Famous artist share his tracks for free</strong></h4>\r\n\r\n<p><strong><img alt="" src="http://news.simply-webspace.com.pt/couch/uploads/image/ng3408177.JPG" style="width: 100px; height: 75px;" /></strong></p>\r\n\r\n<p>Suspendisse dapibus blandit auctor. Aenean nisl felis, fermentum in ante sit amet, lobortis hendrerit nunc. Curabitur pharetra in velit at ornare. Pellentesque vitae nibh volutpat velit feugiat euismod ut a elit. Donec in felis rutrum risus bibendum cursus. Aliquam interdum aliquam elementum ...</p>\r\n</div>\r\n</div>\r\n', 'Programação   The Daily life - Agora com ligação a base de dados MySql. Suspendisse dapibus blandit auctor. Aenean nisl felis, fermentum in ante sit amet, lobortis hendrerit nunc. Curabitur pharetra in velit at ornare. Pellentesque vitae nibh volutpat velit feugiat euismod ut a elit. Donec in felis rutrum risus bibendum cursus. Aliquam interdum aliquam elementum ... Famous artist share his tracks for free Suspendisse dapibus blandit auctor. Aenean nisl felis, fermentum in ante sit amet, lobortis hendrerit nunc. Curabitur pharetra in velit at ornare. Pellentesque vitae nibh volutpat velit feugiat euismod ut a elit. Donec in felis rutrum risus bibendum cursus. Aliquam interdum aliquam elementum ... Famous artist share his tracks for free Suspendisse dapibus blandit auctor. Aenean nisl felis, fermentum in ante sit amet, lobortis hendrerit nunc. Curabitur pharetra in velit at ornare. Pellentesque vitae nibh volutpat velit feugiat euismod ut a elit. Donec in felis rutrum risus bibendum cursus. Aliquam interdum aliquam elementum ... Famous artist share his tracks for free Suspendisse dapibus blandit auctor. Aenean nisl felis, fermentum in ante sit amet, lobortis hendrerit nunc. Curabitur pharetra in velit at ornare. Pellentesque vitae nibh volutpat velit feugiat euismod ut a elit. Donec in felis rutrum risus bibendum cursus. Aliquam interdum aliquam elementum ... Famous artist share his tracks for free Suspendisse dapibus blandit auctor. Aenean nisl felis, fermentum in ante sit amet, lobortis hendrerit nunc. Curabitur pharetra in velit at ornare. Pellentesque vitae nibh volutpat velit feugiat euismod ut a elit. Donec in felis rutrum risus bibendum cursus. Aliquam interdum aliquam elementum ... Famous artist share his tracks for free Suspendisse dapibus blandit auctor. Aenean nisl felis, fermentum in ante sit amet, lobortis hendrerit nunc. Curabitur pharetra in velit at ornare. Pellentesque vitae nibh volutpat velit feugiat euismod ut a elit. Donec in felis rutrum risus bibendum cursus. Aliquam interdum aliquam elementum ... Famous artist share his tracks for free Suspendisse dapibus blandit auctor. Aenean nisl felis, fermentum in ante sit amet, lobortis hendrerit nunc. Curabitur pharetra in velit at ornare. Pellentesque vitae nibh volutpat velit feugiat euismod ut a elit. Donec in felis rutrum risus bibendum cursus. Aliquam interdum aliquam elementum ... Famous artist share his tracks for free Suspendisse dapibus blandit auctor. Aenean nisl felis, fermentum in ante sit amet, lobortis hendrerit nunc. Curabitur pharetra in velit at ornare. Pellentesque vitae nibh volutpat velit feugiat euismod ut a elit. Donec in felis rutrum risus bibendum cursus. Aliquam interdum aliquam elementum ...');
INSERT INTO `couch_data_text` (`page_id`, `field_id`, `value`, `search_value`) VALUES
(40, 38, '<h1 style="text-align: center;"><strong><img alt="" src="http://news.simply-webspace.com.pt/couch/uploads/image/mundial-2014.jpg" style="width: 20px; height: 28px;" /> Desporto <img alt="" src="http://news.simply-webspace.com.pt/couch/uploads/image/mundial-2014.jpg" style="width: 20px; height: 28px;" /></strong></h1>\r\n\r\n<p>&nbsp;</p>\r\n\r\n<h4><strong>Famous artist share his tracks for free</strong></h4>\r\n\r\n<p><strong><img alt="" src="http://news.simply-webspace.com.pt/couch/uploads/image/bento.jpg" style="width: 100px; height: 67px;" /></strong></p>\r\n\r\n<p>Suspendisse dapibus blandit auctor. Aenean nisl felis, fermentum in ante sit amet, lobortis hendrerit nunc. Curabitur pharetra in velit at ornare. Pellentesque vitae nibh volutpat velit feugiat euismod ut a elit. Donec in felis rutrum risus bibendum cursus. Aliquam interdum aliquam elementum ...</p>\r\n\r\n<div class="sec-1-big-text lefty">\r\n<hr />\r\n<h4><strong>Famous artist share his tracks for free</strong></h4>\r\n\r\n<p><img alt="" src="http://news.simply-webspace.com.pt/couch/uploads/image/buffon-1.jpg" style="width: 100px; height: 69px;" /></p>\r\n\r\n<p>Suspendisse dapibus blandit auctor. Aenean nisl felis, fermentum in ante sit amet, lobortis hendrerit nunc. Curabitur pharetra in velit at ornare. Pellentesque vitae nibh volutpat velit feugiat euismod ut a elit. Donec in felis rutrum risus bibendum cursus. Aliquam interdum aliquam elementum ...</p>\r\n\r\n<hr />\r\n<h4><strong>Famous artist share his tracks for free</strong></h4>\r\n\r\n<p><strong><img alt="" src="http://news.simply-webspace.com.pt/couch/uploads/image/ng3411626-1.jpg" style="width: 100px; height: 74px;" /></strong></p>\r\n\r\n<p>Suspendisse dapibus blandit auctor. Aenean nisl felis, fermentum in ante sit amet, lobortis hendrerit nunc. Curabitur pharetra in velit at ornare. Pellentesque vitae nibh volutpat velit feugiat euismod ut a elit. Donec in felis rutrum risus bibendum cursus. Aliquam interdum aliquam elementum ...</p>\r\n\r\n<hr />\r\n<h4><strong>Famous artist share his tracks for free</strong></h4>\r\n\r\n<p><strong><img alt="" src="http://news.simply-webspace.com.pt/couch/uploads/image/ng3408177.JPG" style="width: 100px; height: 75px;" /></strong></p>\r\n\r\n<p>Suspendisse dapibus blandit auctor. Aenean nisl felis, fermentum in ante sit amet, lobortis hendrerit nunc. Curabitur pharetra in velit at ornare. Pellentesque vitae nibh volutpat velit feugiat euismod ut a elit. Donec in felis rutrum risus bibendum cursus. Aliquam interdum aliquam elementum ...</p>\r\n\r\n<hr />\r\n<h4><strong>Famous artist share his tracks for free</strong></h4>\r\n\r\n<p><strong><img alt="" src="http://news.simply-webspace.com.pt/couch/uploads/image/bento.jpg" style="width: 100px; height: 67px;" /></strong></p>\r\n\r\n<p>Suspendisse dapibus blandit auctor. Aenean nisl felis, fermentum in ante sit amet, lobortis hendrerit nunc. Curabitur pharetra in velit at ornare. Pellentesque vitae nibh volutpat velit feugiat euismod ut a elit. Donec in felis rutrum risus bibendum cursus. Aliquam interdum aliquam elementum ...</p>\r\n\r\n<div class="sec-1-big-text lefty">\r\n<hr />\r\n<h4><strong>Famous artist share his tracks for free</strong></h4>\r\n\r\n<p><img alt="" src="http://news.simply-webspace.com.pt/couch/uploads/image/buffon-1.jpg" style="width: 100px; height: 69px;" /></p>\r\n\r\n<p>Suspendisse dapibus blandit auctor. Aenean nisl felis, fermentum in ante sit amet, lobortis hendrerit nunc. Curabitur pharetra in velit at ornare. Pellentesque vitae nibh volutpat velit feugiat euismod ut a elit. Donec in felis rutrum risus bibendum cursus. Aliquam interdum aliquam elementum ...</p>\r\n\r\n<hr />\r\n<h4><strong>Famous artist share his tracks for free</strong></h4>\r\n\r\n<p><strong><img alt="" src="http://news.simply-webspace.com.pt/couch/uploads/image/ng3411626-1.jpg" style="width: 100px; height: 74px;" /></strong></p>\r\n\r\n<p>Suspendisse dapibus blandit auctor. Aenean nisl felis, fermentum in ante sit amet, lobortis hendrerit nunc. Curabitur pharetra in velit at ornare. Pellentesque vitae nibh volutpat velit feugiat euismod ut a elit. Donec in felis rutrum risus bibendum cursus. Aliquam interdum aliquam elementum ...</p>\r\n\r\n<hr />\r\n<h4><strong>Famous artist share his tracks for free</strong></h4>\r\n\r\n<p><strong><img alt="" src="http://news.simply-webspace.com.pt/couch/uploads/image/ng3408177.JPG" style="width: 100px; height: 75px;" /></strong></p>\r\n\r\n<p>Suspendisse dapibus blandit auctor. Aenean nisl felis, fermentum in ante sit amet, lobortis hendrerit nunc. Curabitur pharetra in velit at ornare. Pellentesque vitae nibh volutpat velit feugiat euismod ut a elit. Donec in felis rutrum risus bibendum cursus. Aliquam interdum aliquam elementum ...</p>\r\n</div>\r\n</div>\r\n', 'Desporto   Famous artist share his tracks for free Suspendisse dapibus blandit auctor. Aenean nisl felis, fermentum in ante sit amet, lobortis hendrerit nunc. Curabitur pharetra in velit at ornare. Pellentesque vitae nibh volutpat velit feugiat euismod ut a elit. Donec in felis rutrum risus bibendum cursus. Aliquam interdum aliquam elementum ... Famous artist share his tracks for free Suspendisse dapibus blandit auctor. Aenean nisl felis, fermentum in ante sit amet, lobortis hendrerit nunc. Curabitur pharetra in velit at ornare. Pellentesque vitae nibh volutpat velit feugiat euismod ut a elit. Donec in felis rutrum risus bibendum cursus. Aliquam interdum aliquam elementum ... Famous artist share his tracks for free Suspendisse dapibus blandit auctor. Aenean nisl felis, fermentum in ante sit amet, lobortis hendrerit nunc. Curabitur pharetra in velit at ornare. Pellentesque vitae nibh volutpat velit feugiat euismod ut a elit. Donec in felis rutrum risus bibendum cursus. Aliquam interdum aliquam elementum ... Famous artist share his tracks for free Suspendisse dapibus blandit auctor. Aenean nisl felis, fermentum in ante sit amet, lobortis hendrerit nunc. Curabitur pharetra in velit at ornare. Pellentesque vitae nibh volutpat velit feugiat euismod ut a elit. Donec in felis rutrum risus bibendum cursus. Aliquam interdum aliquam elementum ... Famous artist share his tracks for free Suspendisse dapibus blandit auctor. Aenean nisl felis, fermentum in ante sit amet, lobortis hendrerit nunc. Curabitur pharetra in velit at ornare. Pellentesque vitae nibh volutpat velit feugiat euismod ut a elit. Donec in felis rutrum risus bibendum cursus. Aliquam interdum aliquam elementum ... Famous artist share his tracks for free Suspendisse dapibus blandit auctor. Aenean nisl felis, fermentum in ante sit amet, lobortis hendrerit nunc. Curabitur pharetra in velit at ornare. Pellentesque vitae nibh volutpat velit feugiat euismod ut a elit. Donec in felis rutrum risus bibendum cursus. Aliquam interdum aliquam elementum ... Famous artist share his tracks for free Suspendisse dapibus blandit auctor. Aenean nisl felis, fermentum in ante sit amet, lobortis hendrerit nunc. Curabitur pharetra in velit at ornare. Pellentesque vitae nibh volutpat velit feugiat euismod ut a elit. Donec in felis rutrum risus bibendum cursus. Aliquam interdum aliquam elementum ... Famous artist share his tracks for free Suspendisse dapibus blandit auctor. Aenean nisl felis, fermentum in ante sit amet, lobortis hendrerit nunc. Curabitur pharetra in velit at ornare. Pellentesque vitae nibh volutpat velit feugiat euismod ut a elit. Donec in felis rutrum risus bibendum cursus. Aliquam interdum aliquam elementum ...'),
(41, 38, '<h1 style="text-align: center;"><strong><img alt="" src="http://news.simply-webspace.com.pt/couch/uploads/image/mundial-2014.jpg" style="width: 20px; height: 28px;" /> Paredes <img alt="" src="http://news.simply-webspace.com.pt/couch/uploads/image/mundial-2014.jpg" style="width: 20px; height: 28px;" /></strong></h1>\r\n\r\n<p>&nbsp;</p>\r\n\r\n<h4><strong>Famous artist share his tracks for free</strong></h4>\r\n\r\n<p><strong><img alt="" src="http://news.simply-webspace.com.pt/couch/uploads/image/bento.jpg" style="width: 100px; height: 67px;" /></strong></p>\r\n\r\n<p>Suspendisse dapibus blandit auctor. Aenean nisl felis, fermentum in ante sit amet, lobortis hendrerit nunc. Curabitur pharetra in velit at ornare. Pellentesque vitae nibh volutpat velit feugiat euismod ut a elit. Donec in felis rutrum risus bibendum cursus. Aliquam interdum aliquam elementum ...</p>\r\n\r\n<div class="sec-1-big-text lefty">\r\n<hr />\r\n<h4><strong>Famous artist share his tracks for free</strong></h4>\r\n\r\n<p><img alt="" src="http://news.simply-webspace.com.pt/couch/uploads/image/buffon-1.jpg" style="width: 100px; height: 69px;" /></p>\r\n\r\n<p>Suspendisse dapibus blandit auctor. Aenean nisl felis, fermentum in ante sit amet, lobortis hendrerit nunc. Curabitur pharetra in velit at ornare. Pellentesque vitae nibh volutpat velit feugiat euismod ut a elit. Donec in felis rutrum risus bibendum cursus. Aliquam interdum aliquam elementum ...</p>\r\n\r\n<hr />\r\n<h4><strong>Famous artist share his tracks for free</strong></h4>\r\n\r\n<p><strong><img alt="" src="http://news.simply-webspace.com.pt/couch/uploads/image/ng3411626-1.jpg" style="width: 100px; height: 74px;" /></strong></p>\r\n\r\n<p>Suspendisse dapibus blandit auctor. Aenean nisl felis, fermentum in ante sit amet, lobortis hendrerit nunc. Curabitur pharetra in velit at ornare. Pellentesque vitae nibh volutpat velit feugiat euismod ut a elit. Donec in felis rutrum risus bibendum cursus. Aliquam interdum aliquam elementum ...</p>\r\n\r\n<hr />\r\n<h4><strong>Famous artist share his tracks for free</strong></h4>\r\n\r\n<p><strong><img alt="" src="http://news.simply-webspace.com.pt/couch/uploads/image/ng3408177.JPG" style="width: 100px; height: 75px;" /></strong></p>\r\n\r\n<p>Suspendisse dapibus blandit auctor. Aenean nisl felis, fermentum in ante sit amet, lobortis hendrerit nunc. Curabitur pharetra in velit at ornare. Pellentesque vitae nibh volutpat velit feugiat euismod ut a elit. Donec in felis rutrum risus bibendum cursus. Aliquam interdum aliquam elementum ...</p>\r\n\r\n<hr />\r\n<h4><strong>Famous artist share his tracks for free</strong></h4>\r\n\r\n<p><strong><img alt="" src="http://news.simply-webspace.com.pt/couch/uploads/image/bento.jpg" style="width: 100px; height: 67px;" /></strong></p>\r\n\r\n<p>Suspendisse dapibus blandit auctor. Aenean nisl felis, fermentum in ante sit amet, lobortis hendrerit nunc. Curabitur pharetra in velit at ornare. Pellentesque vitae nibh volutpat velit feugiat euismod ut a elit. Donec in felis rutrum risus bibendum cursus. Aliquam interdum aliquam elementum ...</p>\r\n\r\n<div class="sec-1-big-text lefty">\r\n<hr />\r\n<h4><strong>Famous artist share his tracks for free</strong></h4>\r\n\r\n<p><img alt="" src="http://news.simply-webspace.com.pt/couch/uploads/image/buffon-1.jpg" style="width: 100px; height: 69px;" /></p>\r\n\r\n<p>Suspendisse dapibus blandit auctor. Aenean nisl felis, fermentum in ante sit amet, lobortis hendrerit nunc. Curabitur pharetra in velit at ornare. Pellentesque vitae nibh volutpat velit feugiat euismod ut a elit. Donec in felis rutrum risus bibendum cursus. Aliquam interdum aliquam elementum ...</p>\r\n\r\n<hr />\r\n<h4><strong>Famous artist share his tracks for free</strong></h4>\r\n\r\n<p><strong><img alt="" src="http://news.simply-webspace.com.pt/couch/uploads/image/ng3411626-1.jpg" style="width: 100px; height: 74px;" /></strong></p>\r\n\r\n<p>Suspendisse dapibus blandit auctor. Aenean nisl felis, fermentum in ante sit amet, lobortis hendrerit nunc. Curabitur pharetra in velit at ornare. Pellentesque vitae nibh volutpat velit feugiat euismod ut a elit. Donec in felis rutrum risus bibendum cursus. Aliquam interdum aliquam elementum ...</p>\r\n\r\n<hr />\r\n<h4><strong>Famous artist share his tracks for free</strong></h4>\r\n\r\n<p><strong><img alt="" src="http://news.simply-webspace.com.pt/couch/uploads/image/ng3408177.JPG" style="width: 100px; height: 75px;" /></strong></p>\r\n\r\n<p>Suspendisse dapibus blandit auctor. Aenean nisl felis, fermentum in ante sit amet, lobortis hendrerit nunc. Curabitur pharetra in velit at ornare. Pellentesque vitae nibh volutpat velit feugiat euismod ut a elit. Donec in felis rutrum risus bibendum cursus. Aliquam interdum aliquam elementum ...</p>\r\n</div>\r\n</div>\r\n', 'Paredes   Famous artist share his tracks for free Suspendisse dapibus blandit auctor. Aenean nisl felis, fermentum in ante sit amet, lobortis hendrerit nunc. Curabitur pharetra in velit at ornare. Pellentesque vitae nibh volutpat velit feugiat euismod ut a elit. Donec in felis rutrum risus bibendum cursus. Aliquam interdum aliquam elementum ... Famous artist share his tracks for free Suspendisse dapibus blandit auctor. Aenean nisl felis, fermentum in ante sit amet, lobortis hendrerit nunc. Curabitur pharetra in velit at ornare. Pellentesque vitae nibh volutpat velit feugiat euismod ut a elit. Donec in felis rutrum risus bibendum cursus. Aliquam interdum aliquam elementum ... Famous artist share his tracks for free Suspendisse dapibus blandit auctor. Aenean nisl felis, fermentum in ante sit amet, lobortis hendrerit nunc. Curabitur pharetra in velit at ornare. Pellentesque vitae nibh volutpat velit feugiat euismod ut a elit. Donec in felis rutrum risus bibendum cursus. Aliquam interdum aliquam elementum ... Famous artist share his tracks for free Suspendisse dapibus blandit auctor. Aenean nisl felis, fermentum in ante sit amet, lobortis hendrerit nunc. Curabitur pharetra in velit at ornare. Pellentesque vitae nibh volutpat velit feugiat euismod ut a elit. Donec in felis rutrum risus bibendum cursus. Aliquam interdum aliquam elementum ... Famous artist share his tracks for free Suspendisse dapibus blandit auctor. Aenean nisl felis, fermentum in ante sit amet, lobortis hendrerit nunc. Curabitur pharetra in velit at ornare. Pellentesque vitae nibh volutpat velit feugiat euismod ut a elit. Donec in felis rutrum risus bibendum cursus. Aliquam interdum aliquam elementum ... Famous artist share his tracks for free Suspendisse dapibus blandit auctor. Aenean nisl felis, fermentum in ante sit amet, lobortis hendrerit nunc. Curabitur pharetra in velit at ornare. Pellentesque vitae nibh volutpat velit feugiat euismod ut a elit. Donec in felis rutrum risus bibendum cursus. Aliquam interdum aliquam elementum ... Famous artist share his tracks for free Suspendisse dapibus blandit auctor. Aenean nisl felis, fermentum in ante sit amet, lobortis hendrerit nunc. Curabitur pharetra in velit at ornare. Pellentesque vitae nibh volutpat velit feugiat euismod ut a elit. Donec in felis rutrum risus bibendum cursus. Aliquam interdum aliquam elementum ... Famous artist share his tracks for free Suspendisse dapibus blandit auctor. Aenean nisl felis, fermentum in ante sit amet, lobortis hendrerit nunc. Curabitur pharetra in velit at ornare. Pellentesque vitae nibh volutpat velit feugiat euismod ut a elit. Donec in felis rutrum risus bibendum cursus. Aliquam interdum aliquam elementum ...'),
(42, 38, '<h1 style="text-align: center;"><strong><img alt="" src="http://news.simply-webspace.com.pt/couch/uploads/image/mundial-2014.jpg" style="width: 20px; height: 28px;" /> Pa&iacute;s <img alt="" src="http://news.simply-webspace.com.pt/couch/uploads/image/mundial-2014.jpg" style="width: 20px; height: 28px;" /></strong></h1>\r\n\r\n<p>&nbsp;</p>\r\n\r\n<h4><strong>Famous artist share his tracks for free</strong></h4>\r\n\r\n<p><strong><img alt="" src="http://news.simply-webspace.com.pt/couch/uploads/image/bento.jpg" style="width: 100px; height: 67px;" /></strong></p>\r\n\r\n<p>Suspendisse dapibus blandit auctor. Aenean nisl felis, fermentum in ante sit amet, lobortis hendrerit nunc. Curabitur pharetra in velit at ornare. Pellentesque vitae nibh volutpat velit feugiat euismod ut a elit. Donec in felis rutrum risus bibendum cursus. Aliquam interdum aliquam elementum ...</p>\r\n\r\n<div class="sec-1-big-text lefty">\r\n<hr />\r\n<h4><strong>Famous artist share his tracks for free</strong></h4>\r\n\r\n<p><img alt="" src="http://news.simply-webspace.com.pt/couch/uploads/image/buffon-1.jpg" style="width: 100px; height: 69px;" /></p>\r\n\r\n<p>Suspendisse dapibus blandit auctor. Aenean nisl felis, fermentum in ante sit amet, lobortis hendrerit nunc. Curabitur pharetra in velit at ornare. Pellentesque vitae nibh volutpat velit feugiat euismod ut a elit. Donec in felis rutrum risus bibendum cursus. Aliquam interdum aliquam elementum ...</p>\r\n\r\n<hr />\r\n<h4><strong>Famous artist share his tracks for free</strong></h4>\r\n\r\n<p><strong><img alt="" src="http://news.simply-webspace.com.pt/couch/uploads/image/ng3411626-1.jpg" style="width: 100px; height: 74px;" /></strong></p>\r\n\r\n<p>Suspendisse dapibus blandit auctor. Aenean nisl felis, fermentum in ante sit amet, lobortis hendrerit nunc. Curabitur pharetra in velit at ornare. Pellentesque vitae nibh volutpat velit feugiat euismod ut a elit. Donec in felis rutrum risus bibendum cursus. Aliquam interdum aliquam elementum ...</p>\r\n\r\n<hr />\r\n<h4><strong>Famous artist share his tracks for free</strong></h4>\r\n\r\n<p><strong><img alt="" src="http://news.simply-webspace.com.pt/couch/uploads/image/ng3408177.JPG" style="width: 100px; height: 75px;" /></strong></p>\r\n\r\n<p>Suspendisse dapibus blandit auctor. Aenean nisl felis, fermentum in ante sit amet, lobortis hendrerit nunc. Curabitur pharetra in velit at ornare. Pellentesque vitae nibh volutpat velit feugiat euismod ut a elit. Donec in felis rutrum risus bibendum cursus. Aliquam interdum aliquam elementum ...</p>\r\n\r\n<hr />\r\n<h4><strong>Famous artist share his tracks for free</strong></h4>\r\n\r\n<p><strong><img alt="" src="http://news.simply-webspace.com.pt/couch/uploads/image/bento.jpg" style="width: 100px; height: 67px;" /></strong></p>\r\n\r\n<p>Suspendisse dapibus blandit auctor. Aenean nisl felis, fermentum in ante sit amet, lobortis hendrerit nunc. Curabitur pharetra in velit at ornare. Pellentesque vitae nibh volutpat velit feugiat euismod ut a elit. Donec in felis rutrum risus bibendum cursus. Aliquam interdum aliquam elementum ...</p>\r\n\r\n<div class="sec-1-big-text lefty">\r\n<hr />\r\n<h4><strong>Famous artist share his tracks for free</strong></h4>\r\n\r\n<p><img alt="" src="http://news.simply-webspace.com.pt/couch/uploads/image/buffon-1.jpg" style="width: 100px; height: 69px;" /></p>\r\n\r\n<p>Suspendisse dapibus blandit auctor. Aenean nisl felis, fermentum in ante sit amet, lobortis hendrerit nunc. Curabitur pharetra in velit at ornare. Pellentesque vitae nibh volutpat velit feugiat euismod ut a elit. Donec in felis rutrum risus bibendum cursus. Aliquam interdum aliquam elementum ...</p>\r\n\r\n<hr />\r\n<h4><strong>Famous artist share his tracks for free</strong></h4>\r\n\r\n<p><strong><img alt="" src="http://news.simply-webspace.com.pt/couch/uploads/image/ng3411626-1.jpg" style="width: 100px; height: 74px;" /></strong></p>\r\n\r\n<p>Suspendisse dapibus blandit auctor. Aenean nisl felis, fermentum in ante sit amet, lobortis hendrerit nunc. Curabitur pharetra in velit at ornare. Pellentesque vitae nibh volutpat velit feugiat euismod ut a elit. Donec in felis rutrum risus bibendum cursus. Aliquam interdum aliquam elementum ...</p>\r\n\r\n<hr />\r\n<h4><strong>Famous artist share his tracks for free</strong></h4>\r\n\r\n<p><strong><img alt="" src="http://news.simply-webspace.com.pt/couch/uploads/image/ng3408177.JPG" style="width: 100px; height: 75px;" /></strong></p>\r\n\r\n<p>Suspendisse dapibus blandit auctor. Aenean nisl felis, fermentum in ante sit amet, lobortis hendrerit nunc. Curabitur pharetra in velit at ornare. Pellentesque vitae nibh volutpat velit feugiat euismod ut a elit. Donec in felis rutrum risus bibendum cursus. Aliquam interdum aliquam elementum ...</p>\r\n</div>\r\n</div>\r\n', 'País   Famous artist share his tracks for free Suspendisse dapibus blandit auctor. Aenean nisl felis, fermentum in ante sit amet, lobortis hendrerit nunc. Curabitur pharetra in velit at ornare. Pellentesque vitae nibh volutpat velit feugiat euismod ut a elit. Donec in felis rutrum risus bibendum cursus. Aliquam interdum aliquam elementum ... Famous artist share his tracks for free Suspendisse dapibus blandit auctor. Aenean nisl felis, fermentum in ante sit amet, lobortis hendrerit nunc. Curabitur pharetra in velit at ornare. Pellentesque vitae nibh volutpat velit feugiat euismod ut a elit. Donec in felis rutrum risus bibendum cursus. Aliquam interdum aliquam elementum ... Famous artist share his tracks for free Suspendisse dapibus blandit auctor. Aenean nisl felis, fermentum in ante sit amet, lobortis hendrerit nunc. Curabitur pharetra in velit at ornare. Pellentesque vitae nibh volutpat velit feugiat euismod ut a elit. Donec in felis rutrum risus bibendum cursus. Aliquam interdum aliquam elementum ... Famous artist share his tracks for free Suspendisse dapibus blandit auctor. Aenean nisl felis, fermentum in ante sit amet, lobortis hendrerit nunc. Curabitur pharetra in velit at ornare. Pellentesque vitae nibh volutpat velit feugiat euismod ut a elit. Donec in felis rutrum risus bibendum cursus. Aliquam interdum aliquam elementum ... Famous artist share his tracks for free Suspendisse dapibus blandit auctor. Aenean nisl felis, fermentum in ante sit amet, lobortis hendrerit nunc. Curabitur pharetra in velit at ornare. Pellentesque vitae nibh volutpat velit feugiat euismod ut a elit. Donec in felis rutrum risus bibendum cursus. Aliquam interdum aliquam elementum ... Famous artist share his tracks for free Suspendisse dapibus blandit auctor. Aenean nisl felis, fermentum in ante sit amet, lobortis hendrerit nunc. Curabitur pharetra in velit at ornare. Pellentesque vitae nibh volutpat velit feugiat euismod ut a elit. Donec in felis rutrum risus bibendum cursus. Aliquam interdum aliquam elementum ... Famous artist share his tracks for free Suspendisse dapibus blandit auctor. Aenean nisl felis, fermentum in ante sit amet, lobortis hendrerit nunc. Curabitur pharetra in velit at ornare. Pellentesque vitae nibh volutpat velit feugiat euismod ut a elit. Donec in felis rutrum risus bibendum cursus. Aliquam interdum aliquam elementum ... Famous artist share his tracks for free Suspendisse dapibus blandit auctor. Aenean nisl felis, fermentum in ante sit amet, lobortis hendrerit nunc. Curabitur pharetra in velit at ornare. Pellentesque vitae nibh volutpat velit feugiat euismod ut a elit. Donec in felis rutrum risus bibendum cursus. Aliquam interdum aliquam elementum ...'),
(43, 38, '<h1 style="text-align: center;"><strong><img alt="" src="http://news.simply-webspace.com.pt/couch/uploads/image/mundial-2014.jpg" style="width: 20px; height: 28px;" /> Mundo <img alt="" src="http://news.simply-webspace.com.pt/couch/uploads/image/mundial-2014.jpg" style="width: 20px; height: 28px;" /></strong></h1>\r\n\r\n<p>&nbsp;</p>\r\n\r\n<h4><strong>Famous artist share his tracks for free</strong></h4>\r\n\r\n<p><strong><img alt="" src="http://news.simply-webspace.com.pt/couch/uploads/image/bento.jpg" style="width: 100px; height: 67px;" /></strong></p>\r\n\r\n<p>Suspendisse dapibus blandit auctor. Aenean nisl felis, fermentum in ante sit amet, lobortis hendrerit nunc. Curabitur pharetra in velit at ornare. Pellentesque vitae nibh volutpat velit feugiat euismod ut a elit. Donec in felis rutrum risus bibendum cursus. Aliquam interdum aliquam elementum ...</p>\r\n\r\n<div class="sec-1-big-text lefty">\r\n<hr />\r\n<h4><strong>Famous artist share his tracks for free</strong></h4>\r\n\r\n<p><img alt="" src="http://news.simply-webspace.com.pt/couch/uploads/image/buffon-1.jpg" style="width: 100px; height: 69px;" /></p>\r\n\r\n<p>Suspendisse dapibus blandit auctor. Aenean nisl felis, fermentum in ante sit amet, lobortis hendrerit nunc. Curabitur pharetra in velit at ornare. Pellentesque vitae nibh volutpat velit feugiat euismod ut a elit. Donec in felis rutrum risus bibendum cursus. Aliquam interdum aliquam elementum ...</p>\r\n\r\n<hr />\r\n<h4><strong>Famous artist share his tracks for free</strong></h4>\r\n\r\n<p><strong><img alt="" src="http://news.simply-webspace.com.pt/couch/uploads/image/ng3411626-1.jpg" style="width: 100px; height: 74px;" /></strong></p>\r\n\r\n<p>Suspendisse dapibus blandit auctor. Aenean nisl felis, fermentum in ante sit amet, lobortis hendrerit nunc. Curabitur pharetra in velit at ornare. Pellentesque vitae nibh volutpat velit feugiat euismod ut a elit. Donec in felis rutrum risus bibendum cursus. Aliquam interdum aliquam elementum ...</p>\r\n\r\n<hr />\r\n<h4><strong>Famous artist share his tracks for free</strong></h4>\r\n\r\n<p><strong><img alt="" src="http://news.simply-webspace.com.pt/couch/uploads/image/ng3408177.JPG" style="width: 100px; height: 75px;" /></strong></p>\r\n\r\n<p>Suspendisse dapibus blandit auctor. Aenean nisl felis, fermentum in ante sit amet, lobortis hendrerit nunc. Curabitur pharetra in velit at ornare. Pellentesque vitae nibh volutpat velit feugiat euismod ut a elit. Donec in felis rutrum risus bibendum cursus. Aliquam interdum aliquam elementum ...</p>\r\n\r\n<hr />\r\n<h4><strong>Famous artist share his tracks for free</strong></h4>\r\n\r\n<p><strong><img alt="" src="http://news.simply-webspace.com.pt/couch/uploads/image/bento.jpg" style="width: 100px; height: 67px;" /></strong></p>\r\n\r\n<p>Suspendisse dapibus blandit auctor. Aenean nisl felis, fermentum in ante sit amet, lobortis hendrerit nunc. Curabitur pharetra in velit at ornare. Pellentesque vitae nibh volutpat velit feugiat euismod ut a elit. Donec in felis rutrum risus bibendum cursus. Aliquam interdum aliquam elementum ...</p>\r\n\r\n<div class="sec-1-big-text lefty">\r\n<hr />\r\n<h4><strong>Famous artist share his tracks for free</strong></h4>\r\n\r\n<p><img alt="" src="http://news.simply-webspace.com.pt/couch/uploads/image/buffon-1.jpg" style="width: 100px; height: 69px;" /></p>\r\n\r\n<p>Suspendisse dapibus blandit auctor. Aenean nisl felis, fermentum in ante sit amet, lobortis hendrerit nunc. Curabitur pharetra in velit at ornare. Pellentesque vitae nibh volutpat velit feugiat euismod ut a elit. Donec in felis rutrum risus bibendum cursus. Aliquam interdum aliquam elementum ...</p>\r\n\r\n<hr />\r\n<h4><strong>Famous artist share his tracks for free</strong></h4>\r\n\r\n<p><strong><img alt="" src="http://news.simply-webspace.com.pt/couch/uploads/image/ng3411626-1.jpg" style="width: 100px; height: 74px;" /></strong></p>\r\n\r\n<p>Suspendisse dapibus blandit auctor. Aenean nisl felis, fermentum in ante sit amet, lobortis hendrerit nunc. Curabitur pharetra in velit at ornare. Pellentesque vitae nibh volutpat velit feugiat euismod ut a elit. Donec in felis rutrum risus bibendum cursus. Aliquam interdum aliquam elementum ...</p>\r\n\r\n<hr />\r\n<h4><strong>Famous artist share his tracks for free</strong></h4>\r\n\r\n<p><strong><img alt="" src="http://news.simply-webspace.com.pt/couch/uploads/image/ng3408177.JPG" style="width: 100px; height: 75px;" /></strong></p>\r\n\r\n<p>Suspendisse dapibus blandit auctor. Aenean nisl felis, fermentum in ante sit amet, lobortis hendrerit nunc. Curabitur pharetra in velit at ornare. Pellentesque vitae nibh volutpat velit feugiat euismod ut a elit. Donec in felis rutrum risus bibendum cursus. Aliquam interdum aliquam elementum ...</p>\r\n</div>\r\n</div>\r\n', 'Mundo   Famous artist share his tracks for free Suspendisse dapibus blandit auctor. Aenean nisl felis, fermentum in ante sit amet, lobortis hendrerit nunc. Curabitur pharetra in velit at ornare. Pellentesque vitae nibh volutpat velit feugiat euismod ut a elit. Donec in felis rutrum risus bibendum cursus. Aliquam interdum aliquam elementum ... Famous artist share his tracks for free Suspendisse dapibus blandit auctor. Aenean nisl felis, fermentum in ante sit amet, lobortis hendrerit nunc. Curabitur pharetra in velit at ornare. Pellentesque vitae nibh volutpat velit feugiat euismod ut a elit. Donec in felis rutrum risus bibendum cursus. Aliquam interdum aliquam elementum ... Famous artist share his tracks for free Suspendisse dapibus blandit auctor. Aenean nisl felis, fermentum in ante sit amet, lobortis hendrerit nunc. Curabitur pharetra in velit at ornare. Pellentesque vitae nibh volutpat velit feugiat euismod ut a elit. Donec in felis rutrum risus bibendum cursus. Aliquam interdum aliquam elementum ... Famous artist share his tracks for free Suspendisse dapibus blandit auctor. Aenean nisl felis, fermentum in ante sit amet, lobortis hendrerit nunc. Curabitur pharetra in velit at ornare. Pellentesque vitae nibh volutpat velit feugiat euismod ut a elit. Donec in felis rutrum risus bibendum cursus. Aliquam interdum aliquam elementum ... Famous artist share his tracks for free Suspendisse dapibus blandit auctor. Aenean nisl felis, fermentum in ante sit amet, lobortis hendrerit nunc. Curabitur pharetra in velit at ornare. Pellentesque vitae nibh volutpat velit feugiat euismod ut a elit. Donec in felis rutrum risus bibendum cursus. Aliquam interdum aliquam elementum ... Famous artist share his tracks for free Suspendisse dapibus blandit auctor. Aenean nisl felis, fermentum in ante sit amet, lobortis hendrerit nunc. Curabitur pharetra in velit at ornare. Pellentesque vitae nibh volutpat velit feugiat euismod ut a elit. Donec in felis rutrum risus bibendum cursus. Aliquam interdum aliquam elementum ... Famous artist share his tracks for free Suspendisse dapibus blandit auctor. Aenean nisl felis, fermentum in ante sit amet, lobortis hendrerit nunc. Curabitur pharetra in velit at ornare. Pellentesque vitae nibh volutpat velit feugiat euismod ut a elit. Donec in felis rutrum risus bibendum cursus. Aliquam interdum aliquam elementum ... Famous artist share his tracks for free Suspendisse dapibus blandit auctor. Aenean nisl felis, fermentum in ante sit amet, lobortis hendrerit nunc. Curabitur pharetra in velit at ornare. Pellentesque vitae nibh volutpat velit feugiat euismod ut a elit. Donec in felis rutrum risus bibendum cursus. Aliquam interdum aliquam elementum ...'),
(44, 1, '<h1 id="NewsTitle"><span id="ctl00_bcr_ThisContent">Namorada de Andr&eacute; deixa mensagem emocionada</span></h1>\r\n\r\n<p><span id="ctl00_bcr_ThisContent">Margarida Lopes, com quem o filho de Judite Sousa namorava h&aacute; um ano, deixou, no seu perfil da rede social, uma dedicat&oacute;ria a Andr&eacute;, que morreu este domingo na sequ&ecirc;ncia de um tr&aacute;gico acidente e cujo vel&oacute;rio se realiza esta segunda-feira &agrave; noite.</span></p>\r\n\r\n<p><span><img alt="" src="http://news.simply-webspace.com.pt/couch/uploads/image/andresousa.jpg" style="width: 300px; height: 300px;" /></span></p>\r\n\r\n<p>&nbsp;</p>\r\n\r\n<p><span id="ctl00_bcr_ThisContent">Devastada com a perda do namorado, Margarida Lopes fez quest&atilde;o de prestar uma homenagem p&uacute;blica a Andr&eacute; no seu <a href="https://www.facebook.com/margarida.lopes.351?fref=ts">perfil pessoal de Facebook,</a> ao publicar o poema <i>Funeral Blues</i>, do poeta norte- americano, W.H.Auden, juntamente com uma fotografia. Reproduzimos aqui uma das estrofes:</span></p>\r\n\r\n<p><span id="ctl00_bcr_ThisContent"><i>&quot;He was my North, my South, my East and West/ My working week and my Sunday rest / My noon, my midnight, my talk, my song / I thought that love would last for ever: I was wrong&quot;.</i> (Ele era o meu Norte, o meu Sul, o meu Este e Oeste / A minha semana de trabalho e o meu descanso de domingo/ O meio-dia, a minha meia-noite, a minha conversa, a minha can&ccedil;&atilde;o / Pensei que o amor ia durar para sempre: enganei-me).</span></p>\r\n\r\n<p><span id="ctl00_bcr_ThisContent">A jovem, que tinha o seu perfil reservado apenas a amigos, modificou as defini&ccedil;&otilde;es desta dedicat&oacute;ria, por forma a que qualquer utilizador do Facebook possa l&ecirc;-la. S&atilde;o dezenas os coment&aacute;rios e as mensagens de pesar de amigos pr&oacute;ximos.</span></p>\r\n\r\n<p><span id="ctl00_bcr_ThisContent">O vel&oacute;rio de Andr&eacute; Sousa Bessa, o &uacute;nico filho de Judite Sousa, realiza-se esta segunda feira, na Igreja do Col&eacute;gio de S&atilde;o Jo&atilde;o de Brito, em Lisboa. </span></p>\r\n\r\n<p>&nbsp;</p>\r\n', 'Namorada de André deixa mensagem emocionada Margarida Lopes, com quem o filho de Judite Sousa namorava há um ano, deixou, no seu perfil da rede social, uma dedicatória a André, que morreu este domingo na sequência de um trágico acidente e cujo velório se realiza esta segunda-feira à noite.   Devastada com a perda do namorado, Margarida Lopes fez questão de prestar uma homenagem pública a André no seu perfil pessoal de Facebook, ao publicar o poema Funeral Blues, do poeta norte- americano, W.H.Auden, juntamente com uma fotografia. Reproduzimos aqui uma das estrofes: &quot;He was my North, my South, my East and West/ My working week and my Sunday rest / My noon, my midnight, my talk, my song / I thought that love would last for ever: I was wrong&quot;. (Ele era o meu Norte, o meu Sul, o meu Este e Oeste / A minha semana de trabalho e o meu descanso de domingo/ O meio-dia, a minha meia-noite, a minha conversa, a minha canção / Pensei que o amor ia durar para sempre: enganei-me). A jovem, que tinha o seu perfil reservado apenas a amigos, modificou as definições desta dedicatória, por forma a que qualquer utilizador do Facebook possa lê-la. São dezenas os comentários e as mensagens de pesar de amigos próximos. O velório de André Sousa Bessa, o único filho de Judite Sousa, realiza-se esta segunda feira, na Igreja do Colégio de São João de Brito, em Lisboa.  '),
(44, 2, '<p><img alt="" src="http://news.simply-webspace.com.pt/couch/uploads/image/andresousa.jpg" style="width: 107px; height: 85px;" /></p>\r\n', ''),
(44, 4, '<p><img alt="" src="http://news.simply-webspace.com.pt/couch/uploads/image/suarez.jpg" style="width: 107px; height: 85px;" /></p>\r\n', ''),
(44, 5, '<p><img alt="" src="http://news.simply-webspace.com.pt/couch/uploads/image/bento.jpg" style="width: 107px; height: 85px;" /></p>\r\n', ''),
(44, 6, '<p><img alt="" src="http://news.simply-webspace.com.pt/couch/uploads/image/buffon.JPG" style="width: 107px; height: 85px;" /></p>\r\n', ''),
(44, 8, '<p><a href="http://news.simply-webspace.com.pt/categoria.php?p=23"><img alt="" src="http://news.simply-webspace.com.pt/couch/uploads/image/header_mundial660.png" style="width: 660px; height: 48px;" /></a></p>\r\n', ''),
(44, 9, '<p><img alt="" src="http://news.simply-webspace.com.pt/couch/uploads/image/banner3.jpg" style="width: 370px; height: 178px;" /></p>\r\n', ''),
(44, 10, '<h3><a href="http://news.simply-webspace.com.pt/artigo.php?p=44" title="Namorada de André deixa mensagem emocionada">Namorada de Andr&eacute; deixa mensagem emocionada</a></h3>\r\n', 'Namorada de André deixa mensagem emocionada'),
(44, 11, '<h3><a href="http://news.simply-webspace.com.pt/artigo.php?p=4" title="Dentada de Suárez rendeu dinheiro a mais de 100 apostadores">Dentada de Su&aacute;rez rendeu dinheiro a mais de 100...</a></h3>\r\n', 'Dentada de Suárez rendeu dinheiro a mais de 100...'),
(44, 12, '<h3><a href="http://news.simply-webspace.com.pt/artigo.php?p=5" title="Bento vai dar a cara e abandona a seleção">Bento vai dar a cara e abandona a sele&ccedil;&atilde;o</a></h3>\r\n', 'Bento vai dar a cara e abandona a seleção'),
(44, 13, '<h3><a href="http://news.simply-webspace.com.pt/artigo.php?p=6" title="Cesare Prandelli assume culpa pela eliminação da Itália e demite-se">Cesare Prandelli assume culpa pela elimina&ccedil;&atilde;o ...</a></h3>\r\n', 'Cesare Prandelli assume culpa pela eliminação ...'),
(45, 1, '<h2><strong><span id="ctrlCfiNoticia_phTitulo">PAREDES ACOLHEU CONFER&Ecirc;NCIA FINAL DO PROJETO MUSEU DA ESCOLA</span></strong></h2>\r\n\r\n<p><img alt="" height="156" src="http://news.simply-webspace.com.pt/couch/uploads/image/paredes.jpg" width="235" /></p>\r\n\r\n<p><span id="ctrlCfiNoticia_phTexto">A Confer&ecirc;ncia Final de Difus&atilde;o do<strong> &ldquo;Projeto Museu da Escola: uma Estrat&eacute;gia de Inclus&atilde;o&rdquo;</strong> realizou-se, esta segunda-feira, no Sal&atilde;o Nobre dos Pa&ccedil;os do Concelho de Paredes, durante a qual as delega&ccedil;&otilde;es da regi&atilde;o de Paredes e da regi&atilde;o espanhola de X&aacute;tiva fizeram um balan&ccedil;o das respetivas iniciativas no &acirc;mbito do projeto. No final, foi inaugurada, na Biblioteca Municipal de Paredes, a exposi&ccedil;&atilde;o itinerante <strong>&ldquo;Escola de Mem&oacute;rias: 100 anos de Ensinamentos&rdquo;</strong>, promovida pela regi&atilde;o portuguesa, que ali estar&aacute; patente ao p&uacute;blico durante tr&ecirc;s meses.</span></p>\r\n\r\n<p><span id="ctrlCfiNoticia_phTexto">O Projeto <strong>&quot;Museu da Escola: uma Estrat&eacute;gia de Inclus&atilde;o&quot;</strong>, financiado em 100 mil euros, equitativamente distribu&iacute;dos, pelo Lifelong Learning Programme da Uni&atilde;o Europeia, teve in&iacute;cio em 2012 e resulta de uma parceria entre a regi&atilde;o de Paredes e o munic&iacute;pio valenciano de X&aacute;tiva, para troca de experi&ecirc;ncias entre as duas regi&otilde;es, visando a constru&ccedil;&atilde;o de uma comunidade educativa conjunta.<br />\r\n<br />\r\nUm dos resultados da iniciativa s&atilde;o as exposi&ccedil;&otilde;es <strong>&ldquo;Escola de Mem&oacute;rias: 100 anos de Ensinamentos&rdquo;</strong> e a hom&oacute;loga espanhola, que t&ecirc;m como objetivo constitu&iacute;rem-se como testemunhos hist&oacute;ricos da escola do passado para as gera&ccedil;&otilde;es presentes e futuras.<br />\r\n<br />\r\nA vereadora do Pelouro da Educa&ccedil;&atilde;o da C&acirc;mara Municipal de Paredes, Herm&iacute;nia Moreira, abriu a confer&ecirc;ncia, dando as boas vindas &agrave;s delega&ccedil;&otilde;es e passando depois a palavra a Juan Ra, do munic&iacute;pio de X&aacute;tiva, que detalhou as atividades desenvolvidas em Espanha, nomeadamente a organiza&ccedil;&atilde;o de confer&ecirc;ncias para divulga&ccedil;&atilde;o do projeto educativo europeu e para a promo&ccedil;&atilde;o da coordena&ccedil;&atilde;o entre cultura e educa&ccedil;&atilde;o.</span></p>\r\n\r\n<p style="text-align: center;"><span><img alt="" height="165" src="http://news.simply-webspace.com.pt/couch/uploads/image/paredes2.jpg" width="250" /></span>&nbsp;&nbsp;&nbsp;&nbsp; <img alt="" src="http://news.simply-webspace.com.pt/couch/uploads/image/paredes1.jpg" style="width: 107px; height: 71px;" /></p>\r\n\r\n<p><span id="ctrlCfiNoticia_phTexto">Alexandra Teixeira, da Associa&ccedil;&atilde;o Paredes Pela Inclus&atilde;o Social (APPIS), descreveu em seguida as demais atividades desenvolvidas em Portugal, que passaram pelo encerramento de mensagens de alunos do 4&ordm; ano para serem abertas daqui a cinco anos, por um concurso de quadras populares, uma forma&ccedil;&atilde;o intergeracional e um semin&aacute;rio para fam&iacute;lias e por forma&ccedil;&atilde;o para professores. Foi ainda escrito o conto <strong>&ldquo;A escola&hellip; de todos os tempos!&rdquo;</strong> - Da lousa &agrave; sebenta, da sebenta ao computador.<br />\r\n<br />\r\nOs parceiros do <strong>&ldquo;Projeto Museu da Escola: uma Estrat&eacute;gia de Inclus&atilde;o&rdquo;</strong> foram, do lado espanhol, o Departamento de Hist&oacute;ria da Educa&ccedil;&atilde;o da Universidade de Val&ecirc;ncia; o Instituto de Educa&ccedil;&atilde;o Secund&aacute;ria Simarro, a Associa&ccedil;&atilde;o Innoeduca, o Sindicato da Inspe&ccedil;&atilde;o Educacional e a C&acirc;mara Municipal de X&aacute;tiva. Em Portugal, desenvolveram-no o Agrupamento de Escolas de Vilela, o Centro de Forma&ccedil;&atilde;o da Associa&ccedil;&atilde;o de Escolas de Pa&ccedil;os de Ferreira, Paredes e Penafiel e a APPIS.</span></p>\r\n', 'PAREDES ACOLHEU CONFERÊNCIA FINAL DO PROJETO MUSEU DA ESCOLA A Conferência Final de Difusão do “Projeto Museu da Escola: uma Estratégia de Inclusão” realizou-se, esta segunda-feira, no Salão Nobre dos Paços do Concelho de Paredes, durante a qual as delegações da região de Paredes e da região espanhola de Xátiva fizeram um balanço das respetivas iniciativas no âmbito do projeto. No final, foi inaugurada, na Biblioteca Municipal de Paredes, a exposição itinerante “Escola de Memórias: 100 anos de Ensinamentos”, promovida pela região portuguesa, que ali estará patente ao público durante três meses. O Projeto &quot;Museu da Escola: uma Estratégia de Inclusão&quot;, financiado em 100 mil euros, equitativamente distribuídos, pelo Lifelong Learning Programme da União Europeia, teve início em 2012 e resulta de uma parceria entre a região de Paredes e o município valenciano de Xátiva, para troca de experiências entre as duas regiões, visando a construção de uma comunidade educativa conjunta. Um dos resultados da iniciativa são as exposições “Escola de Memórias: 100 anos de Ensinamentos” e a homóloga espanhola, que têm como objetivo constituírem-se como testemunhos históricos da escola do passado para as gerações presentes e futuras. A vereadora do Pelouro da Educação da Câmara Municipal de Paredes, Hermínia Moreira, abriu a conferência, dando as boas vindas às delegações e passando depois a palavra a Juan Ra, do município de Xátiva, que detalhou as atividades desenvolvidas em Espanha, nomeadamente a organização de conferências para divulgação do projeto educativo europeu e para a promoção da coordenação entre cultura e educação.      Alexandra Teixeira, da Associação Paredes Pela Inclusão Social (APPIS), descreveu em seguida as demais atividades desenvolvidas em Portugal, que passaram pelo encerramento de mensagens de alunos do 4º ano para serem abertas daqui a cinco anos, por um concurso de quadras populares, uma formação intergeracional e um seminário para famílias e por formação para professores. Foi ainda escrito o conto “A escola… de todos os tempos!” - Da lousa à sebenta, da sebenta ao computador. Os parceiros do “Projeto Museu da Escola: uma Estratégia de Inclusão” foram, do lado espanhol, o Departamento de História da Educação da Universidade de Valência; o Instituto de Educação Secundária Simarro, a Associação Innoeduca, o Sindicato da Inspeção Educacional e a Câmara Municipal de Xátiva. Em Portugal, desenvolveram-no o Agrupamento de Escolas de Vilela, o Centro de Formação da Associação de Escolas de Paços de Ferreira, Paredes e Penafiel e a APPIS.'),
(45, 2, '<p><img alt="" src="http://news.simply-webspace.com.pt/couch/uploads/image/andresousa.jpg" style="width: 107px; height: 85px;" /></p>\r\n', ''),
(45, 4, '<p><img alt="" src="http://news.simply-webspace.com.pt/couch/uploads/image/suarez.jpg" style="width: 107px; height: 85px;" /></p>\r\n', ''),
(45, 5, '<p><img alt="" src="http://news.simply-webspace.com.pt/couch/uploads/image/bento.jpg" style="width: 107px; height: 85px;" /></p>\r\n', ''),
(45, 6, '<p><img alt="" src="http://news.simply-webspace.com.pt/couch/uploads/image/buffon.JPG" style="width: 107px; height: 85px;" /></p>\r\n', ''),
(45, 8, '<p><a href="http://news.simply-webspace.com.pt/categoria.php?p=23"><img alt="" src="http://news.simply-webspace.com.pt/couch/uploads/image/header_mundial660.png" style="width: 660px; height: 48px;" /></a></p>\r\n', ''),
(45, 9, '<p><img alt="" src="http://news.simply-webspace.com.pt/couch/uploads/image/banner3.jpg" style="width: 370px; height: 178px;" /></p>\r\n', ''),
(45, 10, '<h3><a href="http://news.simply-webspace.com.pt/artigo.php?p=44" title="Namorada de André deixa mensagem emocionada">Namorada de Andr&eacute; deixa mensagem emocionada</a></h3>\r\n', 'Namorada de André deixa mensagem emocionada'),
(45, 11, '<h3><a href="http://news.simply-webspace.com.pt/artigo.php?p=4" title="Dentada de Suárez rendeu dinheiro a mais de 100 apostadores">Dentada de Su&aacute;rez rendeu dinheiro a mais de 100...</a></h3>\r\n', 'Dentada de Suárez rendeu dinheiro a mais de 100...'),
(45, 12, '<h3><a href="http://news.simply-webspace.com.pt/artigo.php?p=5" title="Bento vai dar a cara e abandona a seleção">Bento vai dar a cara e abandona a sele&ccedil;&atilde;o</a></h3>\r\n', 'Bento vai dar a cara e abandona a seleção'),
(45, 13, '<h3><a href="http://news.simply-webspace.com.pt/artigo.php?p=6" title="Cesare Prandelli assume culpa pela eliminação da Itália e demite-se">Cesare Prandelli assume culpa pela elimina&ccedil;&atilde;o ...</a></h3>\r\n', 'Cesare Prandelli assume culpa pela eliminação ...');

-- --------------------------------------------------------

--
-- Estrutura da tabela `couch_fields`
--

CREATE TABLE IF NOT EXISTS `couch_fields` (
  `id` int(11) NOT NULL AUTO_INCREMENT,
  `template_id` int(11) NOT NULL,
  `name` varchar(255) NOT NULL,
  `label` varchar(255) DEFAULT NULL,
  `k_desc` varchar(255) DEFAULT NULL,
  `k_type` varchar(128) NOT NULL,
  `hidden` int(1) DEFAULT NULL,
  `search_type` varchar(20) DEFAULT 'text',
  `k_order` int(11) DEFAULT NULL,
  `data` longtext,
  `default_data` longtext,
  `required` int(1) DEFAULT NULL,
  `deleted` int(1) DEFAULT NULL,
  `validator` varchar(255) DEFAULT NULL,
  `validator_msg` text,
  `k_separator` varchar(20) DEFAULT NULL,
  `val_separator` varchar(20) DEFAULT NULL,
  `opt_values` text,
  `opt_selected` tinytext,
  `toolbar` varchar(20) DEFAULT NULL,
  `custom_toolbar` text,
  `css` text,
  `custom_styles` text,
  `maxlength` int(11) DEFAULT NULL,
  `height` int(11) DEFAULT NULL,
  `width` int(11) DEFAULT NULL,
  `k_group` varchar(128) DEFAULT NULL,
  `collapsed` int(1) DEFAULT NULL,
  `assoc_field` varchar(128) DEFAULT NULL,
  `crop` int(1) DEFAULT '0',
  `enforce_max` int(1) DEFAULT '1',
  `quality` int(11) DEFAULT NULL,
  `show_preview` int(1) DEFAULT '0',
  `preview_width` int(11) DEFAULT NULL,
  `preview_height` int(11) DEFAULT NULL,
  `no_xss_check` int(1) DEFAULT '0',
  `rtl` int(1) DEFAULT '0',
  `body_id` tinytext,
  `body_class` tinytext,
  `disable_uploader` int(1) DEFAULT '0',
  `_html` text COMMENT 'Internal',
  `dynamic` text,
  `custom_params` text,
  PRIMARY KEY (`id`),
  KEY `couch_fields_index01` (`k_group`,`k_order`,`id`),
  KEY `couch_fields_Index02` (`template_id`)
) ENGINE=InnoDB  DEFAULT CHARSET=utf8 AUTO_INCREMENT=79 ;

--
-- Extraindo dados da tabela `couch_fields`
--

INSERT INTO `couch_fields` (`id`, `template_id`, `name`, `label`, `k_desc`, `k_type`, `hidden`, `search_type`, `k_order`, `data`, `default_data`, `required`, `deleted`, `validator`, `validator_msg`, `k_separator`, `val_separator`, `opt_values`, `opt_selected`, `toolbar`, `custom_toolbar`, `css`, `custom_styles`, `maxlength`, `height`, `width`, `k_group`, `collapsed`, `assoc_field`, `crop`, `enforce_max`, `quality`, `show_preview`, `preview_width`, `preview_height`, `no_xss_check`, `rtl`, `body_id`, `body_class`, `disable_uploader`, `_html`, `dynamic`, `custom_params`) VALUES
(1, 2, 'prop_desc', 'Notícia', 'Insira abaixo uma nova notícia (Siga o esquema apresentado)', 'richtext', 0, 'text', 0, NULL, '\n    "Insira o texto que pretende para gerar uma nova notícia" Esquema: TITULO  >>  IMAGEM  >> TEXTO ', 0, 0, '', '', '', '', '', '', '', '', '', '', 0, 0, 0, '', 0, '', 0, 0, 80, 0, 0, 0, 0, 0, '', '', 0, '<cms:editable\r\nname=''prop_desc''\r\nlabel=''Notícia''\r\ndesc=''Insira abaixo uma nova notícia (Siga o esquema apresentado)''\r\ntype=''richtext''/>', '', NULL),
(2, 2, 'relacionados_1', 'Relacionado 1', 'Inserir apenas ficheiros de imagem com a dimensão igual ou inferior a 107px*85px', 'richtext', 0, 'text', 0, NULL, '<!-- CMS - GESTOR DE IMAGEM (IGUAL NO CODIGO "ARTIGOS RELACIONADOS") --> \n    "Insira Ficheiro de imagem Nrº1 ', 0, 0, '', '', '', '', '', '', '', '', '', '', 0, 0, 0, '', 0, '', 0, 0, 80, 0, 0, 0, 0, 0, '', '', 0, '<cms:editable\r\nname=''relacionados_1''\r\nlabel=''Relacionado 1''\r\ndesc=''Inserir apenas ficheiros de imagem com a dimensão igual ou inferior a 107px*85px''\r\ntype=''richtext''/>', '', NULL),
(4, 2, 'relacionados_2', 'Relacionado 2', 'Inserir apenas ficheiros de imagem com a dimensão igual ou inferior a 107px*85px', 'richtext', 0, 'text', 0, NULL, '\n    "Insira Ficheiro de imagem Nrº2 ', 0, 0, '', '', '', '', '', '', '', '', '', '', 0, 0, 0, '', 0, '', 0, 0, 80, 0, 0, 0, 0, 0, '', '', 0, '<cms:editable\r\nname=''relacionados_2''\r\nlabel=''Relacionado 2''\r\ndesc=''Inserir apenas ficheiros de imagem com a dimensão igual ou inferior a 107px*85px''\r\ntype=''richtext''/>', '', NULL),
(5, 2, 'relacionados_3', 'Relacionado 3', 'Inserir apenas ficheiros de imagem com a dimensão igual ou inferior a 107px*85px', 'richtext', 0, 'text', 0, NULL, ' "Insira Ficheiro de imagem Nrº3 ', 0, 0, '', '', '', '', '', '', '', '', '', '', 0, 0, 0, '', 0, '', 0, 0, 80, 0, 0, 0, 0, 0, '', '', 0, '<cms:editable\r\nname=''relacionados_3''\r\nlabel=''Relacionado 3''\r\ndesc=''Inserir apenas ficheiros de imagem com a dimensão igual ou inferior a 107px*85px''\r\ntype=''richtext''/>', '', NULL),
(6, 2, 'relacionados_4', 'Relacionado 4', 'Inserir apenas ficheiros de imagem com a dimensão igual ou inferior a 107px*85px', 'richtext', 0, 'text', 0, NULL, '"Insira Ficheiro de imagem Nrº4 ', 0, 0, '', '', '', '', '', '', '', '', '', '', 0, 0, 0, '', 0, '', 0, 0, 80, 0, 0, 0, 0, 0, '', '', 0, '<cms:editable\r\nname=''relacionados_4''\r\nlabel=''Relacionado 4''\r\ndesc=''Inserir apenas ficheiros de imagem com a dimensão igual ou inferior a 107px*85px''\r\ntype=''richtext''/>', '', NULL),
(8, 2, 'banner_topo', 'Banner Topo', 'Insira a imagem respeitando as medidas abaixo apresentafas', 'richtext', 0, 'text', 0, NULL, '\n    "No caso de um banner publicitário, deverá introduzir a imagem, introduzir o Link, e colucar a anotação "publicidade" (NÃO SE ESQUEÇA DE ELIMINAR ESTA ANOTAÇÃO ', 0, 0, '', '', '', '', '', '', '', '', '', '', 0, 0, 0, '', 0, '', 0, 0, 80, 0, 0, 0, 0, 0, '', '', 0, '<cms:editable\r\nname=''banner_topo''\r\nlabel=''Banner Topo''\r\ndesc=''Insira a imagem respeitando as medidas abaixo apresentafas''\r\ntype=''richtext''/>', '', NULL),
(9, 2, 'destaque_lateral', 'Destaque lateral direito', 'Largura max:370px', 'richtext', 0, 'text', 0, NULL, '\n    "Insira Ficheiro de imagem para destaque lateral" ', 0, 0, '', '', '', '', '', '', '', '', '', '', 0, 0, 0, '', 0, '', 0, 0, 80, 0, 0, 0, 0, 0, '', '', 0, '<cms:editable\r\nname=''destaque_lateral''\r\nlabel=''Destaque lateral direito''\r\ndesc=''Largura max:370px''\r\ntype=''richtext''/>', '', NULL),
(10, 2, 'titulo_relacionados1', 'Titulo relacionados 1', 'O numero maximo de caracteres para este titulo são de  são 80.', 'richtext', 0, 'text', 0, NULL, ' "Insira titulo nrº1 - Tipo de Letra a utilizar HEADING3 ', 0, 0, '', '', '', '', '', '', '', '', '', '', 0, 0, 0, '', 0, '', 0, 0, 80, 0, 0, 0, 0, 0, '', '', 0, '<cms:editable\r\nname=''titulo_relacionados1''\r\nlabel=''Titulo relacionados 1''\r\ndesc=''O numero maximo de caracteres para este titulo são de  são 80.''\r\ntype=''richtext''/>', '', NULL),
(11, 2, 'titulo_relacionados2', 'Titulo relacionados 2', 'O numero maximo de caracteres para este titulo são de  são 80.', 'richtext', 0, 'text', 0, NULL, ' "Insira titulo nrº2 - Tipo de Letra a utilizar HEADING3 ', 0, 0, '', '', '', '', '', '', '', '', '', '', 0, 0, 0, '', 0, '', 0, 0, 80, 0, 0, 0, 0, 0, '', '', 0, '<cms:editable\r\nname=''titulo_relacionados2''\r\nlabel=''Titulo relacionados 2''\r\ndesc=''O numero maximo de caracteres para este titulo são de  são 80.''\r\ntype=''richtext''/>', '', NULL),
(12, 2, 'titulo_relacionados3', 'Titulo relacionados 3', 'O numero maximo de caracteres para este titulo são de  são 80.', 'richtext', 0, 'text', 0, NULL, ' "Insira titulo nrº3 - Tipo de Letra a utilizar HEADING3 ', 0, 0, '', '', '', '', '', '', '', '', '', '', 0, 0, 0, '', 0, '', 0, 0, 80, 0, 0, 0, 0, 0, '', '', 0, '<cms:editable\r\nname=''titulo_relacionados3''\r\nlabel=''Titulo relacionados 3''\r\ndesc=''O numero maximo de caracteres para este titulo são de  são 80.''\r\ntype=''richtext''/>', '', NULL),
(13, 2, 'titulo_relacionados4', 'Titulo relacionados 4', 'O numero maximo de caracteres para este titulo são de  são 80.', 'richtext', 0, 'text', 0, NULL, ' "Insira titulo nrº4 - Tipo de Letra a utilizar HEADING3 ', 0, 0, '', '', '', '', '', '', '', '', '', '', 0, 0, 0, '', 0, '', 0, 0, 80, 0, 0, 0, 0, 0, '', '', 0, '<cms:editable\r\nname=''titulo_relacionados4''\r\nlabel=''Titulo relacionados 4''\r\ndesc=''O numero maximo de caracteres para este titulo são de  são 80.''\r\ntype=''richtext''/>', '', NULL),
(38, 4, 'main_content', '', '', 'richtext', 0, 'text', 0, NULL, ' original content ', 0, 0, '', '', '', '', '', '', '', '', '', '', 0, 0, 0, '', 0, '', 0, 0, 80, 0, 0, 0, 0, 0, '', '', 0, '<cms:editable\r\nname=''main_content''\r\ntype=''richtext''/>', '', NULL),
(39, 5, 'main_content', '', '', 'richtext', 0, 'text', 0, NULL, ' original content ', 0, 0, '', '', '', '', '', '', '', '', '', '', 0, 0, 0, '', 0, '', 0, 0, 80, 0, 0, 0, 0, 0, '', '', 0, '<cms:editable\r\nname=''main_content''\r\ntype=''richtext''/>', '', NULL),
(40, 5, 'prop_image', 'Imagem Box1', 'Insira Imagem "Dimensoes 464*664"', 'image', 1, 'text', 0, NULL, '', 0, 0, '', '', '', '', '', '', '', '', '', '', 0, 664, 464, '', 0, '', 0, 1, 80, 0, 0, 0, 0, 0, '', '', 0, '<cms:editable\r\nname=''prop_image''\r\nlabel=''Imagem Box1''\r\ndesc=''Insira Imagem "Dimensoes 464*664"''\r\nwidth=''464''\r\nheight=''664''\r\ntype=''image''\r\nhidden=''1''/>', '', NULL),
(42, 5, 'ttlb2', 'Titulo BOX2', 'Insira titulo BOX2', 'text', 1, 'text', 0, NULL, 'Awesome property!', 0, 0, '', '', '', '', '', '', '', '', '', '', 0, 0, 0, '', 0, '', 0, 0, 80, 0, 0, 0, 0, 0, '', '', 0, '<cms:editable\r\nname=''ttlb2''\r\nlabel=''Titulo BOX2''\r\ndesc=''Insira titulo BOX2''\r\nhidden=''1''\r\ntype=''text''/>', '', NULL),
(43, 5, 'txtb2', 'Texto BOX2', 'Insira um titulo BOX2', 'text', 1, 'text', 0, NULL, 'Awesome property!', 0, 0, '', '', '', '', '', '', '', '', '', '', 0, 0, 0, '', 0, '', 0, 0, 80, 0, 0, 0, 0, 0, '', '', 0, '<cms:editable\r\nname=''txtb2''\r\nlabel=''Texto BOX2''\r\ndesc=''Insira um titulo BOX2''\r\nhidden=''1''\r\ntype=''text''/>', '', NULL),
(48, 5, 'des1', 'Destaque de pagina', '1', 'text', 1, 'text', 0, NULL, 'Awesome property!', 0, 0, '', '', '', '', '', '', '', '', '', '', 0, 0, 0, '', 0, '', 0, 0, 80, 0, 0, 0, 0, 0, '', '', 0, '<cms:editable\r\nname=''des1''\r\nlabel=''Destaque de pagina''\r\ndesc=''1''\r\nhidden=''1''\r\ntype=''text''/>', '', NULL),
(49, 5, 'des2', 'Destaque de pagina', '2', 'text', 1, 'text', 0, NULL, 'Awesome property!', 0, 0, '', '', '', '', '', '', '', '', '', '', 0, 0, 0, '', 0, '', 0, 0, 80, 0, 0, 0, 0, 0, '', '', 0, '<cms:editable\r\nname=''des2''\r\nlabel=''Destaque de pagina''\r\ndesc=''2''\r\nhidden=''1''\r\ntype=''text''/>', '', NULL),
(50, 5, 'des3', 'Destaque de pagina', '3', 'text', 1, 'text', 0, NULL, 'Awesome property!', 0, 0, '', '', '', '', '', '', '', '', '', '', 0, 0, 0, '', 0, '', 0, 0, 80, 0, 0, 0, 0, 0, '', '', 0, '<cms:editable\r\nname=''des3''\r\nlabel=''Destaque de pagina''\r\ndesc=''3''\r\nhidden=''1''\r\ntype=''text''/>', '', NULL),
(51, 5, 'pub2', 'Image', 'Lado Direito - Topo Dimensoes "370*181"', 'image', 1, 'text', 0, NULL, '', 0, 0, '', '', '', '', '', '', '', '', '', '', 0, 181, 370, '', 0, '', 0, 1, 80, 0, 0, 0, 0, 0, '', '', 0, '<cms:editable\r\nname=''pub2''\r\nlabel=''Image''\r\ndesc=''Lado Direito - Topo Dimensoes "370*181"''\r\nwidth=''370''\r\nheight=''181''\r\ntype=''image''\r\nhidden=''1''/>', '', NULL),
(52, 5, 'slid1', 'Image', 'Lado Direito - Topo Dimensoes "370*340"', 'image', 1, 'text', 0, NULL, '', 0, 0, '', '', '', '', '', '', '', '', '', '', 0, 340, 370, '', 0, '', 0, 1, 80, 0, 0, 0, 0, 0, '', '', 0, '<cms:editable\r\nname=''slid1''\r\nlabel=''Image''\r\ndesc=''Lado Direito - Topo Dimensoes "370*340"''\r\nwidth=''370''\r\nheight=''340''\r\ntype=''image''\r\nhidden=''1''/>', '', NULL),
(53, 5, 'slid2', 'Image', 'Lado Direito - Topo Dimensoes "370*340"', 'image', 1, 'text', 0, NULL, '', 0, 0, '', '', '', '', '', '', '', '', '', '', 0, 340, 370, '', 0, '', 0, 1, 80, 0, 0, 0, 0, 0, '', '', 0, '<cms:editable\r\nname=''slid2''\r\nlabel=''Image''\r\ndesc=''Lado Direito - Topo Dimensoes "370*340"''\r\nwidth=''370''\r\nheight=''340''\r\ntype=''image''\r\nhidden=''1''/>', '', NULL),
(54, 5, 'imagem1', 'Imagem 1 Bloco 4', 'Insira Imagem "Dimensoes 107*85"', 'image', 1, 'text', 0, NULL, '', 0, 0, '', '', '', '', '', '', '', '', '', '', 0, 85, 107, '', 0, '', 0, 1, 80, 0, 0, 0, 0, 0, '', '', 0, '<cms:editable\r\nname=''imagem1''\r\nlabel=''Imagem 1 Bloco 4''\r\ndesc=''Insira Imagem "Dimensoes 107*85"''\r\nwidth=''107''\r\nheight=''85''\r\ntype=''image''\r\nhidden=''1''/>', '', NULL),
(55, 5, 'txt1bl4', 'Bloco de 4 noticias', '1', 'text', 1, 'text', 0, NULL, 'Awesome property!', 0, 0, '', '', '', '', '', '', '', '', '', '', 0, 0, 0, '', 0, '', 0, 0, 80, 0, 0, 0, 0, 0, '', '', 0, '<cms:editable\r\nname=''txt1bl4''\r\nlabel=''Bloco de 4 noticias''\r\ndesc=''1''\r\nhidden=''1''\r\ntype=''text''/>', '', NULL),
(56, 5, 'imagem2', 'Imagem 2 Bloco 4', 'Insira Imagem "Dimensoes 107*85"', 'image', 1, 'text', 0, NULL, '', 0, 0, '', '', '', '', '', '', '', '', '', '', 0, 85, 107, '', 0, '', 0, 1, 80, 0, 0, 0, 0, 0, '', '', 0, '<cms:editable\r\nname=''imagem2''\r\nlabel=''Imagem 2 Bloco 4''\r\ndesc=''Insira Imagem "Dimensoes 107*85"''\r\nwidth=''107''\r\nheight=''85''\r\ntype=''image''\r\nhidden=''1''/>', '', NULL),
(57, 5, 'txt2bl4', 'Bloco de 4 noticias', '2', 'text', 1, 'text', 0, NULL, 'Awesome property!', 0, 0, '', '', '', '', '', '', '', '', '', '', 0, 0, 0, '', 0, '', 0, 0, 80, 0, 0, 0, 0, 0, '', '', 0, '<cms:editable\r\nname=''txt2bl4''\r\nlabel=''Bloco de 4 noticias''\r\ndesc=''2''\r\nhidden=''1''\r\ntype=''text''/>', '', NULL),
(58, 5, 'imagem3', 'Imagem 3 Bloco 4', 'Insira Imagem "Dimensoes 107*85"', 'image', 1, 'text', 0, NULL, '', 0, 0, '', '', '', '', '', '', '', '', '', '', 0, 85, 107, '', 0, '', 0, 1, 80, 0, 0, 0, 0, 0, '', '', 0, '<cms:editable\r\nname=''imagem3''\r\nlabel=''Imagem 3 Bloco 4''\r\ndesc=''Insira Imagem "Dimensoes 107*85"''\r\nwidth=''107''\r\nheight=''85''\r\ntype=''image''\r\nhidden=''1''/>', '', NULL),
(59, 5, 'txt3bl4', 'Bloco de 4 noticias', '3', 'text', 1, 'text', 0, NULL, 'Awesome property!', 0, 0, '', '', '', '', '', '', '', '', '', '', 0, 0, 0, '', 0, '', 0, 0, 80, 0, 0, 0, 0, 0, '', '', 0, '<cms:editable\r\nname=''txt3bl4''\r\nlabel=''Bloco de 4 noticias''\r\ndesc=''3''\r\nhidden=''1''\r\ntype=''text''/>', '', NULL),
(60, 5, 'imagem4', 'Imagem 4 Bloco 4', 'Insira Imagem "Dimensoes 107*85"', 'image', 1, 'text', 0, NULL, '', 0, 0, '', '', '', '', '', '', '', '', '', '', 0, 85, 107, '', 0, '', 0, 1, 80, 0, 0, 0, 0, 0, '', '', 0, '<cms:editable\r\nname=''imagem4''\r\nlabel=''Imagem 4 Bloco 4''\r\ndesc=''Insira Imagem "Dimensoes 107*85"''\r\nwidth=''107''\r\nheight=''85''\r\ntype=''image''\r\nhidden=''1''/>', '', NULL),
(61, 5, 'txt4bl4', 'Bloco de 4 noticias', '4', 'text', 1, 'text', 0, NULL, 'Awesome property!', 0, 0, '', '', '', '', '', '', '', '', '', '', 0, 0, 0, '', 0, '', 0, 0, 80, 0, 0, 0, 0, 0, '', '', 0, '<cms:editable\r\nname=''txt4bl4''\r\nlabel=''Bloco de 4 noticias''\r\ndesc=''4''\r\nhidden=''1''\r\ntype=''text''/>', '', NULL),
(62, 5, 'img_1', 'Imagem Box1 - Contentor 2', 'Insira Imagem "Dimensoes 367*269"', 'image', 1, 'text', 0, NULL, '', 0, 0, '', '', '', '', '', '', '', '', '', '', 0, 269, 367, '', 0, '', 0, 1, 80, 0, 0, 0, 0, 0, '', '', 0, '<cms:editable\r\nname=''img_1''\r\nlabel=''Imagem Box1 - Contentor 2''\r\ndesc=''Insira Imagem "Dimensoes 367*269"''\r\nwidth=''367''\r\nheight=''269''\r\ntype=''image''\r\nhidden=''1''/>', '', NULL),
(63, 5, 'ttl_1', 'Bloco de 2 noticias', '1', 'text', 1, 'text', 0, NULL, 'Awesome property!', 0, 0, '', '', '', '', '', '', '', '', '', '', 0, 0, 0, '', 0, '', 0, 0, 80, 0, 0, 0, 0, 0, '', '', 0, '<cms:editable\r\nname=''ttl_1''\r\nlabel=''Bloco de 2 noticias''\r\ndesc=''1''\r\nhidden=''1''\r\ntype=''text''/>', '', NULL),
(64, 5, 'img_2', 'Imagem Box2 - Contentor 2', 'Insira Imagem "Dimensoes 367*269"', 'image', 1, 'text', 0, NULL, '', 0, 0, '', '', '', '', '', '', '', '', '', '', 0, 269, 367, '', 0, '', 0, 1, 80, 0, 0, 0, 0, 0, '', '', 0, '<cms:editable\r\nname=''img_2''\r\nlabel=''Imagem Box2 - Contentor 2''\r\ndesc=''Insira Imagem "Dimensoes 367*269"''\r\nwidth=''367''\r\nheight=''269''\r\ntype=''image''\r\nhidden=''1''/>', '', NULL),
(65, 5, 'ttl_2', 'Bloco de 2 noticias', '2', 'text', 1, 'text', 0, NULL, 'Awesome property!', 0, 0, '', '', '', '', '', '', '', '', '', '', 0, 0, 0, '', 0, '', 0, 0, 80, 0, 0, 0, 0, 0, '', '', 0, '<cms:editable\r\nname=''ttl_2''\r\nlabel=''Bloco de 2 noticias''\r\ndesc=''2''\r\nhidden=''1''\r\ntype=''text''/>', '', NULL),
(69, 5, 'imgbox2', 'Imagem Box2', 'Insira Imagem "Dimensoes 391*231"', 'image', 1, 'text', 0, NULL, '', 0, 0, '', '', '', '', '', '', '', '', '', '', 0, 231, 391, '', 0, '', 0, 1, 80, 0, 0, 0, 0, 0, '', '', 0, '<cms:editable\r\nname=''imgbox2''\r\nlabel=''Imagem Box2''\r\ndesc=''Insira Imagem "Dimensoes 391*231"''\r\nwidth=''391''\r\nheight=''231''\r\ntype=''image''\r\nhidden=''1''/>', '', NULL),
(70, 5, 'imgbox3', 'Imagem Box3', 'Insira Imagem "Dimensoes 391*231"', 'image', 1, 'text', 0, NULL, '', 0, 0, '', '', '', '', '', '', '', '', '', '', 0, 231, 391, '', 0, '', 0, 1, 80, 0, 0, 0, 0, 0, '', '', 0, '<cms:editable\r\nname=''imgbox3''\r\nlabel=''Imagem Box3''\r\ndesc=''Insira Imagem "Dimensoes 391*231"''\r\nwidth=''391''\r\nheight=''231''\r\ntype=''image''\r\nhidden=''1''/>', '', NULL),
(71, 5, 'ttlb3', 'Titulo BOX3', 'Insira titulo BOX3', 'text', 1, 'text', 0, NULL, 'Awesome property!', 0, 0, '', '', '', '', '', '', '', '', '', '', 0, 0, 0, '', 0, '', 0, 0, 80, 0, 0, 0, 0, 0, '', '', 0, '<cms:editable\r\nname=''ttlb3''\r\nlabel=''Titulo BOX3''\r\ndesc=''Insira titulo BOX3''\r\nhidden=''1''\r\ntype=''text''/>', '', NULL),
(72, 5, 'txtb3', 'Texto BOX3', 'Insira um titulo BOX3', 'text', 1, 'text', 0, NULL, 'Awesome property!', 0, 0, '', '', '', '', '', '', '', '', '', '', 0, 0, 0, '', 0, '', 0, 0, 80, 0, 0, 0, 0, 0, '', '', 0, '<cms:editable\r\nname=''txtb3''\r\nlabel=''Texto BOX3''\r\ndesc=''Insira um titulo BOX3''\r\nhidden=''1''\r\ntype=''text''/>', '', NULL),
(73, 5, 'ttlb4', 'Titulo BOX4', 'Insira titulo BOX4', 'text', 1, 'text', 0, NULL, 'Awesome property!', 0, 0, '', '', '', '', '', '', '', '', '', '', 0, 0, 0, '', 0, '', 0, 0, 80, 0, 0, 0, 0, 0, '', '', 0, '<cms:editable\r\nname=''ttlb4''\r\nlabel=''Titulo BOX4''\r\ndesc=''Insira titulo BOX4''\r\nhidden=''1''\r\ntype=''text''/>', '', NULL),
(74, 5, 'txtb4', 'Texto BOX4', 'Insira um titulo BOX4', 'text', 1, 'text', 0, NULL, 'Awesome property!', 0, 0, '', '', '', '', '', '', '', '', '', '', 0, 0, 0, '', 0, '', 0, 0, 80, 0, 0, 0, 0, 0, '', '', 0, '<cms:editable\r\nname=''txtb4''\r\nlabel=''Texto BOX4''\r\ndesc=''Insira um titulo BOX4''\r\nhidden=''1''\r\ntype=''text''/>', '', NULL),
(75, 5, 'imgbox4', 'Imagem Box4', 'Insira Imagem "Dimensoes 391*231"', 'image', 1, 'text', 0, NULL, '', 0, 0, '', '', '', '', '', '', '', '', '', '', 0, 475, 289, '', 0, '', 0, 1, 80, 0, 0, 0, 0, 0, '', '', 0, '<cms:editable\r\nname=''imgbox4''\r\nlabel=''Imagem Box4''\r\ndesc=''Insira Imagem "Dimensoes 391*231"''\r\nwidth=''289''\r\nheight=''475''\r\ntype=''image''\r\nhidden=''1''/>', '', NULL),
(76, 5, 'imgboxlast', 'Imagem Ultima Box', 'Insira Imagem "Dimensoes 281*206"', 'image', 1, 'text', 0, NULL, '', 0, 0, '', '', '', '', '', '', '', '', '', '', 0, 206, 281, '', 0, '', 0, 1, 80, 0, 0, 0, 0, 0, '', '', 0, '<cms:editable\r\nname=''imgboxlast''\r\nlabel=''Imagem Ultima Box''\r\ndesc=''Insira Imagem "Dimensoes 281*206"''\r\nwidth=''281''\r\nheight=''206''\r\ntype=''image''\r\nhidden=''1''/>', '', NULL),
(77, 5, 'ttllast', 'Titulo Ultima box', '0', 'text', 1, 'text', 0, NULL, 'Awesome property!', 0, 0, '', '', '', '', '', '', '', '', '', '', 0, 0, 0, '', 0, '', 0, 0, 80, 0, 0, 0, 0, 0, '', '', 0, '<cms:editable\r\nname=''ttllast''\r\nlabel=''Titulo Ultima box''\r\ndesc=''0''\r\nhidden=''1''\r\ntype=''text''/>', '', NULL),
(78, 5, 'txtlast', 'Texto Ultima box', '0', 'text', 1, 'text', 0, NULL, 'Awesome property!', 0, 0, '', '', '', '', '', '', '', '', '', '', 0, 0, 0, '', 0, '', 0, 0, 80, 0, 0, 0, 0, 0, '', '', 0, '<cms:editable\r\nname=''txtlast''\r\nlabel=''Texto Ultima box''\r\ndesc=''0''\r\nhidden=''1''\r\ntype=''text''/>', '', NULL);

-- --------------------------------------------------------

--
-- Estrutura da tabela `couch_folders`
--

CREATE TABLE IF NOT EXISTS `couch_folders` (
  `id` int(11) NOT NULL AUTO_INCREMENT,
  `pid` int(11) DEFAULT '-1',
  `template_id` int(11) NOT NULL,
  `name` varchar(255) NOT NULL,
  `title` varchar(255) DEFAULT NULL,
  `k_desc` mediumtext,
  `image` text,
  `access_level` int(11) DEFAULT '0',
  `weight` int(11) DEFAULT '0',
  PRIMARY KEY (`id`),
  UNIQUE KEY `couch_folders_Index02` (`template_id`,`name`),
  KEY `couch_folders_Index01` (`template_id`,`id`)
) ENGINE=InnoDB DEFAULT CHARSET=utf8 AUTO_INCREMENT=1 ;

--
-- Extraindo dados da tabela `couch_folders`
--


-- --------------------------------------------------------

--
-- Estrutura da tabela `couch_fulltext`
--

CREATE TABLE IF NOT EXISTS `couch_fulltext` (
  `page_id` int(11) NOT NULL,
  `title` varchar(255) DEFAULT NULL,
  `content` text,
  PRIMARY KEY (`page_id`),
  FULLTEXT KEY `couch_fulltext_Index01` (`title`),
  FULLTEXT KEY `couch_fulltext_Index02` (`content`)
) ENGINE=MyISAM DEFAULT CHARSET=utf8;

--
-- Extraindo dados da tabela `couch_fulltext`
--

INSERT INTO `couch_fulltext` (`page_id`, `title`, `content`) VALUES
(23, 'Mundial 2014', 'Mundial 2014   Cesare Prandelli assume culpa pela eliminação da Itália e demite-se O selecionador Cesare Prandelli e o presidente da Federação Italiana de Futebol, Giancarlo Abete, demitiram-se, esta terça-feira, na sequência da eliminação da Itália na fase de grupos do Mundial2014... Bento vai dar a cara e abandona a seleção É na hora do naufrágio que se percebe a casta dos comandantes. Paulo Bento irá dar a cara e assumir as responsabilidades no momento de fazer o balanço da participação da equipa das quinas no Mundial do Brasil... Dentada de Suárez rendeu dinheiro a mais de 100 apostadores Os protestos do italiano Chiellini quando Suárez lhe cravou os dentes no ombro, esta terça-feira, num jogo do Campeonato do Mundo, foram motivo de celebração na Suécia. Mais de cem pessoas que apostaram num desvario do jogador uruguaio ganharam dinheiro naquele momento... Brasil e México nos &quot;oitavos&quot; com vitórias sobre Camarões e Croácia O anfitrião Brasil e o México qualificaram-se esta segunda-feira para os oitavos de final do Mundial de futebol de 2014, como primeiro e segundo do Grupo A, depois de derrotarem Camarões (4-1) e Croácia (3-1), respetivamente... '),
(2, 'Brasil e México nos &quot;oitavos&quot;', 'Brasil e México nos &quot;oitavos&quot; com vitórias sobre Camarões e Croácia   O anfitrião Brasil e o México qualificaram-se esta segunda-feira para os oitavos de final do Mundial de futebol de 2014, como primeiro e segundo do Grupo A, depois de derrotarem Camarões (4-1) e Croácia (3-1), respetivamente     Em Brasília, depois de Neymar inaugurar o marcador (17 minutos), os Camarões ainda marcaram por Matip (26), mas o jogador do FC Barcelona fez o &quot;bis&quot; (35), tornando-se melhor marcador do Mundial, com quatro golos, antes de Fred (49) e Fernandinho (84) completarem o resultado. No Recife, Rafael Marquez (72), Andres Guardado (75), Javier Hernandez (82) marcaram para os mexicanos, respondendo a Croácia por Perisic (87). O Brasil e o México terminaram ambos com sete pontos, mas os &quot;canarinhos&quot; com uma melhor diferença de golos, enquanto a Croácia somou três pontos e os Camarões nenhum. Nos oitavos de final, a equipa comandada por Luiz Felipe Scolari enfrenta o Chile, segundo do Grupo B, e a seleção mexicana defronta a Holanda. Fonte: Jornal de Notícias PUBLICIDADE    Namorada de André deixa mensagem emocionada Dentada de Suárez rendeu dinheiro a mais de 100... Bento vai dar a cara e abandona a seleção Cesare Prandelli assume culpa pela eliminação ... '),
(22, 'Default page for categoria.php * PLEASE CHANGE THIS TITLE *', '&quot;Insira o texto que pretende para gerar uma nova notícia&quot; Esquema: TITULO &gt;&gt; IMAGEM &gt;&gt; TEXTO '),
(4, 'Dentada de Suárez rendeu dinheiro a mais de 100 apostadores', 'Dentada de Suárez rendeu dinheiro a mais de 100 apostadores Os protestos do italiano Chiellini quando Suárez lhe cravou os dentes no ombro, esta terça-feira, num jogo do Campeonato do Mundo, foram motivo de celebração na Suécia. Mais de cem pessoas que apostaram num desvario do jogador uruguaio ganharam dinheiro naquele momento. Depois de já ter sido castigado por ter mordido um adversário por duas vezes, a fama de Suárez fez com que o site de apostas Betsafe permitisse aos clientes apostarem numa nova dentada do jogador uruguaio durante o Campeonato do Mundo 2014. As hipóteses eram de 175 para 1. Mais de cem apostadores apostaram na dentada e ganharam dinheiro na última partida do grupo D entre a Itália e o Uruguai, que ditou o afastamento da seleção europeia do campeonato. Jonathan Braeck foi um dos vencedores do dia. Apostou menos de nove euros e acabou por ficar com cerca de 1500 euros no bolso. &quot;Primeiro pensei que poderia apostar um pouco mais, mas um amigo disse-me que estava a desperdiçar dinheiro&quot;, disse o o jovem sueco ao jornal &quot;SportExpressen&quot;. A aposta foi feita sem convicção, já que Jonathan acreditava apenas que o atleta uruguaio poderia fazer &quot;algo estúpido&quot;, mas acabou por render dinheiro suficiente para que o sueco vá assistir, em Inglaterra, a um jogo do Manchester United. O caso da dentada está a ser investigado pela FIFA.   Fonte: Jornal de Notícias Publicidade Namorada de André deixa mensagem emocionada Dentada de Suárez rendeu dinheiro a mais de 100... Bento vai dar a cara e abandona a seleção Cesare Prandelli assume culpa pela eliminação ... '),
(5, 'Bento vai dar a cara e abandona a seleção', 'Bento vai dar a cara e abandona a seleção É na hora do naufrágio que se percebe a casta dos comandantes. Paulo Bento irá dar a cara e assumir as responsabilidades no momento de fazer o balanço da participação da equipa das quinas no Mundial do Brasil. Para já, o selecionador tenta manter concentrados os jogadores para o decisivo jogo desta quinta-feira, em Brasília, diante do Gana, no fecho do Grupo G, alimentando ainda a esperança da qualificação para os oitavos de final. Esta terça-feira, em conferência de imprensa, em Campinas, Humberto Coelho, vice-presidente da Federação Portuguesa de Futebol (FPF), acompanhado pelo médico Henrique Jones, procurou apoiar, publicamente, o técnico, mas a verdade é que, por mais de uma vez, deixou escapar alguma insatisfação. Numa altura em que Portugal ainda não está afastado da prova, teria sido importante ouvir um discurso bem mais caloroso e motivador. E isso terá deixado o técnico triste e decidido a, independentemente do que vier a acontecer nas quatro linhas, abandonar a seleção no final do Mundial, depois de, como já prometeu publicamente, assumir todas as responsabilidades no momento oportuno. O facto de, recentemente, ter renovado até 2016 não será entrave. Fonte: Jornal de Notícias Namorada de André deixa mensagem emocionada Dentada de Suárez rendeu dinheiro a mais de 100... Bento vai dar a cara e abandona a seleção Cesare Prandelli assume culpa pela eliminação ... '),
(6, 'Cesare Prandelli assume culpa pela eliminação da Itália e demite-se', 'Cesare Prandelli assume culpa pela eliminação da Itália e demite-se   O selecionador Cesare Prandelli e o presidente da Federação Italiana de Futebol, Giancarlo Abete, demitiram-se, esta terça-feira, na sequência da eliminação da Itália na fase de grupos do Mundial2014. Depois da derrota por 1-0 com o Uruguai, que deixou os transalpinos na terceira posição do Grupo D e, consequentemente, fora dos oitavos de final do Mundial do Brasil, o selecionador Cesare Prandelli anunciou que se demitia. Apesar de Abete ter garantido tudo fazer para demover o técnico italiano, Prandelli foi claro: &quot;Não vou voltar atrás na minha decisão&quot;. &quot;O projeto técnico é da minha responsabilidade e eu informei a federação que apresentava a minha demissão, porque, quando um projeto técnico falha, é preciso haver uma responsabilização&quot;, defendeu o treinador de 56 anos. Prandelli reconheceu que hoje a Itália não construiu qualquer ocasião de golo, &quot;provavelmente&quot; porque é tecnicamente limitada ou mal estruturada, uma responsabilidade que chamou a si. &quot;Desde que prolonguei o meu contrato, qualquer coisa mudou, não sei bem porquê&quot;, reconheceu, referindo-se à sua renovação de contrato até 2016, assinada antes do Mundial2014. Logo após as declarações de Prandelli, também Giancarlo Abete anunciou a sua demissão &quot;irrevogável&quot;, uma decisão que diz ter tomado antes da competição. Esta é a segunda eliminação consecutiva da Itália na fase de grupos de Campeonatos do Mundo. Os italianos foram campeões mundiais em 2006, na Alemanha. Namorada de André deixa mensagem emocionada Dentada de Suárez rendeu dinheiro a mais de 100... Bento vai dar a cara e abandona a seleção Cesare Prandelli assume culpa pela eliminação ... '),
(7, 'Irmã do rei de Espanha vai a julgamento por fraude fiscal', 'Irmã do rei de Espanha vai a julgamento por fraude fiscal A infanta Cristina, irmã de Filipe VI, novo rei de Espanha, e o marido, Iñaki Urdangarin, foram formalmente acusados de fraude fiscal e lavagem de dinheiro. Suspeitos do desvio de milhões de euros, vão sentar-se no banco dos réus.     O juiz de instrução considera Cristina de Borbón responsável por um delito conta a Fazenda pública como cúmplice dos delitos fiscais cometidos pelo marido, Iñaki Urdangarin, nos exercícios fiscais de 2007 e 2008, através da empresa Aizoon, uma sociedade familiar em que cada um tem uma quota de 50%. A decisão faz parte do texto de 167 páginas que marca o final da fase de instrução do caso conhecido com Nóos, um dos que mais danificou a imagem da família real e da monarquia espanholas. No texto, o juiz José Castro apela ao Ministério Público e às acusações particulares para que solicitem a abertura da instrução do julgamento, formulando por escrito a sua acusação num prazo de 20 dias. Em concreto, a infanta Cristina está acusada com o marido por dois delitos de fraude fiscal e por um delito de branqueamento de capitais. O procurador anticorrupção Pedro Horrach confirmou já, hoje de manhã, que vai recorrer da decisão do juiz por considerar que &quot;continua a não haver qualquer elemento contra&quot; a infanta. Horrach considerou que esta é a única discrepância que tem tido com o juiz Castro neste processo. Há ainda 13 outros arguidos no processo cuja investigação se alargou às administrações regionais nas Baleares, Valência e Madrid. Entre eles contam-se o ex-sócio de Urdangarin, Diego Torres, a sua mulher Ana María Tejeiro, e dois irmãos, o ex-presidente do Governo das Baleares Jaume Matas e vários outros responsáveis de organismos públicos da região. Há ainda acusados vários responsáveis de organismos públicos de Valência e uma de Madrid. A fase de instrução do processo - que investigou o alegado desvio de fundos públicos pelo instituto Nóos, presidido por Urdangarin entre 2003 e 2006 - demorou 1436 dias e resultou num processo de mais de 58 mil páginas e 62 volumes. Foi aberto em fevereiro de 2006 depois do PSOE nas Ilhas Baleares ter questionado no parlamento regional o pagamento de 1,2 milhões de euros ao Instituto Nóos pelo Governo regional para a realização de um encontro sobre turismo. Investigações posteriores levaram à análise de outros acordos com o Nóos, tendo o processo acelerado em 2011 depois das primeiras rusgas e da primeira audição ao sócio de Urdangarin, Diego Torres. O cunhado do rei espanhol foi constituído arguido em dezembro de 2011 e a sua mulher, a infanta Cristina, a 7 de janeiro, tendo prestado declarações ao juiz instrutor durante seis horas no passado dia 8 de fevereiro. Nessa audição histórica - pela primeira vez, um membro de uma casa real europeia respondeu perante a justiça por um caso de corrupção - Cristina negou envolvimento no caso Nóos e desconhecimento sobre muitas das perguntas colocadas. A infanta Cristina foi a única ausente das recentes cerimónias de abdicação do seu pai, Juan Carlos, e de proclamação do seu irmão, Felipe VI. Esta semana foi visitada pela rainha Sofia na sua casa em Genebra (Suíça). Namorada de André deixa mensagem emocionada Dentada de Suárez rendeu dinheiro a mais de 100... Bento vai dar a cara e abandona a seleção Cesare Prandelli assume culpa pela eliminação ...   '),
(24, 'Default page for index.php * PLEASE CHANGE THIS TITLE *', 'Brasil e México nos &quot;oitavos&quot; com vitórias sobre Camarões e Croácia O anfitrião Brasil e o México qualificaram-se esta segunda-feira para os oitavos de final do Mundial de futebol de 2014, Dentada de Suárez rendeu dinheiro a mais de 100 apostadores Os protestos do italiano Chiellini quando Suárez lhe cravou os dentes no ombro... Bento vai dar a cara e abandona a seleção ! Irmã do rei de Espanha vai a julgamento por fraude fiscal Dentada de Suárez rendeu dinheiro a mais de 100 apostadores Irmã do rei de Espanha vai a julgamento por fraude fiscal... Namorada de André deixa mensagem emocionada Conferencia final do projecto museu escola Paulo Bento deixa a Selecção Irmã do rei de Espanha vai a julgamento por fraude fiscal Namorada de André deixa mensagem emocionada Namorada de André deixa mensagem emocionada Namorada de André deixa mensagem emocionada Irmã do rei de Espanha vai a julgamento por fraude fiscal teste “Dar Voz ao AVC&quot; aplicação informática para ajuda a pessoas com AVC “Dar Voz ao AVC&quot; é uma aplicação de software recentemente desenvolvida por Fethi Houita, ex-aluno do curso de Engenha-ria Informática [LEInf ] da Escola Superior de Tecnologia e Gestão do Instituto Politécnico de Viana do Castelo [ESTG-IPVC]. A aplicação (app) visa poder dotar as pessoas que sofreram AVC (e ficaram afásicas), de uma ferramenta para poder ex-pressar sentimentos, emoções, e desejos simples. É uma aplicação que emula parte do trabalho do terapeuta da Fala, com elementos de comunicação alternativa que, em vez de estarem no papel, são dotados de maior interactividade e têm som, comportando mais vantagens. '),
(25, 'Default page for single-cat.php * PLEASE CHANGE THIS TITLE *', ''),
(26, 'Default page for single-cat.php * PLEASE CHANGE THIS TITLE *', ''),
(27, 'Default page for single-cat.php * PLEASE CHANGE THIS TITLE *', ''),
(28, 'Default page for single-cat.php * PLEASE CHANGE THIS TITLE *', ''),
(29, 'Default page for single-cat.php * PLEASE CHANGE THIS TITLE *', ''),
(42, 'País', 'País   Famous artist share his tracks for free Suspendisse dapibus blandit auctor. Aenean nisl felis, fermentum in ante sit amet, lobortis hendrerit nunc. Curabitur pharetra in velit at ornare. Pellentesque vitae nibh volutpat velit feugiat euismod ut a elit. Donec in felis rutrum risus bibendum cursus. Aliquam interdum aliquam elementum ... Famous artist share his tracks for free Suspendisse dapibus blandit auctor. Aenean nisl felis, fermentum in ante sit amet, lobortis hendrerit nunc. Curabitur pharetra in velit at ornare. Pellentesque vitae nibh volutpat velit feugiat euismod ut a elit. Donec in felis rutrum risus bibendum cursus. Aliquam interdum aliquam elementum ... Famous artist share his tracks for free Suspendisse dapibus blandit auctor. Aenean nisl felis, fermentum in ante sit amet, lobortis hendrerit nunc. Curabitur pharetra in velit at ornare. Pellentesque vitae nibh volutpat velit feugiat euismod ut a elit. Donec in felis rutrum risus bibendum cursus. Aliquam interdum aliquam elementum ... Famous artist share his tracks for free Suspendisse dapibus blandit auctor. Aenean nisl felis, fermentum in ante sit amet, lobortis hendrerit nunc. Curabitur pharetra in velit at ornare. Pellentesque vitae nibh volutpat velit feugiat euismod ut a elit. Donec in felis rutrum risus bibendum cursus. Aliquam interdum aliquam elementum ... Famous artist share his tracks for free Suspendisse dapibus blandit auctor. Aenean nisl felis, fermentum in ante sit amet, lobortis hendrerit nunc. Curabitur pharetra in velit at ornare. Pellentesque vitae nibh volutpat velit feugiat euismod ut a elit. Donec in felis rutrum risus bibendum cursus. Aliquam interdum aliquam elementum ... Famous artist share his tracks for free Suspendisse dapibus blandit auctor. Aenean nisl felis, fermentum in ante sit amet, lobortis hendrerit nunc. Curabitur pharetra in velit at ornare. Pellentesque vitae nibh volutpat velit feugiat euismod ut a elit. Donec in felis rutrum risus bibendum cursus. Aliquam interdum aliquam elementum ... Famous artist share his tracks for free Suspendisse dapibus blandit auctor. Aenean nisl felis, fermentum in ante sit amet, lobortis hendrerit nunc. Curabitur pharetra in velit at ornare. Pellentesque vitae nibh volutpat velit feugiat euismod ut a elit. Donec in felis rutrum risus bibendum cursus. Aliquam interdum aliquam elementum ... Famous artist share his tracks for free Suspendisse dapibus blandit auctor. Aenean nisl felis, fermentum in ante sit amet, lobortis hendrerit nunc. Curabitur pharetra in velit at ornare. Pellentesque vitae nibh volutpat velit feugiat euismod ut a elit. Donec in felis rutrum risus bibendum cursus. Aliquam interdum aliquam elementum ... '),
(41, 'paredes', 'Paredes   Famous artist share his tracks for free Suspendisse dapibus blandit auctor. Aenean nisl felis, fermentum in ante sit amet, lobortis hendrerit nunc. Curabitur pharetra in velit at ornare. Pellentesque vitae nibh volutpat velit feugiat euismod ut a elit. Donec in felis rutrum risus bibendum cursus. Aliquam interdum aliquam elementum ... Famous artist share his tracks for free Suspendisse dapibus blandit auctor. Aenean nisl felis, fermentum in ante sit amet, lobortis hendrerit nunc. Curabitur pharetra in velit at ornare. Pellentesque vitae nibh volutpat velit feugiat euismod ut a elit. Donec in felis rutrum risus bibendum cursus. Aliquam interdum aliquam elementum ... Famous artist share his tracks for free Suspendisse dapibus blandit auctor. Aenean nisl felis, fermentum in ante sit amet, lobortis hendrerit nunc. Curabitur pharetra in velit at ornare. Pellentesque vitae nibh volutpat velit feugiat euismod ut a elit. Donec in felis rutrum risus bibendum cursus. Aliquam interdum aliquam elementum ... Famous artist share his tracks for free Suspendisse dapibus blandit auctor. Aenean nisl felis, fermentum in ante sit amet, lobortis hendrerit nunc. Curabitur pharetra in velit at ornare. Pellentesque vitae nibh volutpat velit feugiat euismod ut a elit. Donec in felis rutrum risus bibendum cursus. Aliquam interdum aliquam elementum ... Famous artist share his tracks for free Suspendisse dapibus blandit auctor. Aenean nisl felis, fermentum in ante sit amet, lobortis hendrerit nunc. Curabitur pharetra in velit at ornare. Pellentesque vitae nibh volutpat velit feugiat euismod ut a elit. Donec in felis rutrum risus bibendum cursus. Aliquam interdum aliquam elementum ... Famous artist share his tracks for free Suspendisse dapibus blandit auctor. Aenean nisl felis, fermentum in ante sit amet, lobortis hendrerit nunc. Curabitur pharetra in velit at ornare. Pellentesque vitae nibh volutpat velit feugiat euismod ut a elit. Donec in felis rutrum risus bibendum cursus. Aliquam interdum aliquam elementum ... Famous artist share his tracks for free Suspendisse dapibus blandit auctor. Aenean nisl felis, fermentum in ante sit amet, lobortis hendrerit nunc. Curabitur pharetra in velit at ornare. Pellentesque vitae nibh volutpat velit feugiat euismod ut a elit. Donec in felis rutrum risus bibendum cursus. Aliquam interdum aliquam elementum ... Famous artist share his tracks for free Suspendisse dapibus blandit auctor. Aenean nisl felis, fermentum in ante sit amet, lobortis hendrerit nunc. Curabitur pharetra in velit at ornare. Pellentesque vitae nibh volutpat velit feugiat euismod ut a elit. Donec in felis rutrum risus bibendum cursus. Aliquam interdum aliquam elementum ... '),
(40, 'Desporto', 'Desporto   Famous artist share his tracks for free Suspendisse dapibus blandit auctor. Aenean nisl felis, fermentum in ante sit amet, lobortis hendrerit nunc. Curabitur pharetra in velit at ornare. Pellentesque vitae nibh volutpat velit feugiat euismod ut a elit. Donec in felis rutrum risus bibendum cursus. Aliquam interdum aliquam elementum ... Famous artist share his tracks for free Suspendisse dapibus blandit auctor. Aenean nisl felis, fermentum in ante sit amet, lobortis hendrerit nunc. Curabitur pharetra in velit at ornare. Pellentesque vitae nibh volutpat velit feugiat euismod ut a elit. Donec in felis rutrum risus bibendum cursus. Aliquam interdum aliquam elementum ... Famous artist share his tracks for free Suspendisse dapibus blandit auctor. Aenean nisl felis, fermentum in ante sit amet, lobortis hendrerit nunc. Curabitur pharetra in velit at ornare. Pellentesque vitae nibh volutpat velit feugiat euismod ut a elit. Donec in felis rutrum risus bibendum cursus. Aliquam interdum aliquam elementum ... Famous artist share his tracks for free Suspendisse dapibus blandit auctor. Aenean nisl felis, fermentum in ante sit amet, lobortis hendrerit nunc. Curabitur pharetra in velit at ornare. Pellentesque vitae nibh volutpat velit feugiat euismod ut a elit. Donec in felis rutrum risus bibendum cursus. Aliquam interdum aliquam elementum ... Famous artist share his tracks for free Suspendisse dapibus blandit auctor. Aenean nisl felis, fermentum in ante sit amet, lobortis hendrerit nunc. Curabitur pharetra in velit at ornare. Pellentesque vitae nibh volutpat velit feugiat euismod ut a elit. Donec in felis rutrum risus bibendum cursus. Aliquam interdum aliquam elementum ... Famous artist share his tracks for free Suspendisse dapibus blandit auctor. Aenean nisl felis, fermentum in ante sit amet, lobortis hendrerit nunc. Curabitur pharetra in velit at ornare. Pellentesque vitae nibh volutpat velit feugiat euismod ut a elit. Donec in felis rutrum risus bibendum cursus. Aliquam interdum aliquam elementum ... Famous artist share his tracks for free Suspendisse dapibus blandit auctor. Aenean nisl felis, fermentum in ante sit amet, lobortis hendrerit nunc. Curabitur pharetra in velit at ornare. Pellentesque vitae nibh volutpat velit feugiat euismod ut a elit. Donec in felis rutrum risus bibendum cursus. Aliquam interdum aliquam elementum ... Famous artist share his tracks for free Suspendisse dapibus blandit auctor. Aenean nisl felis, fermentum in ante sit amet, lobortis hendrerit nunc. Curabitur pharetra in velit at ornare. Pellentesque vitae nibh volutpat velit feugiat euismod ut a elit. Donec in felis rutrum risus bibendum cursus. Aliquam interdum aliquam elementum ... '),
(39, 'programação', 'Programação   The Daily life - Agora com ligação a base de dados MySql. Suspendisse dapibus blandit auctor. Aenean nisl felis, fermentum in ante sit amet, lobortis hendrerit nunc. Curabitur pharetra in velit at ornare. Pellentesque vitae nibh volutpat velit feugiat euismod ut a elit. Donec in felis rutrum risus bibendum cursus. Aliquam interdum aliquam elementum ... Famous artist share his tracks for free Suspendisse dapibus blandit auctor. Aenean nisl felis, fermentum in ante sit amet, lobortis hendrerit nunc. Curabitur pharetra in velit at ornare. Pellentesque vitae nibh volutpat velit feugiat euismod ut a elit. Donec in felis rutrum risus bibendum cursus. Aliquam interdum aliquam elementum ... Famous artist share his tracks for free Suspendisse dapibus blandit auctor. Aenean nisl felis, fermentum in ante sit amet, lobortis hendrerit nunc. Curabitur pharetra in velit at ornare. Pellentesque vitae nibh volutpat velit feugiat euismod ut a elit. Donec in felis rutrum risus bibendum cursus. Aliquam interdum aliquam elementum ... Famous artist share his tracks for free Suspendisse dapibus blandit auctor. Aenean nisl felis, fermentum in ante sit amet, lobortis hendrerit nunc. Curabitur pharetra in velit at ornare. Pellentesque vitae nibh volutpat velit feugiat euismod ut a elit. Donec in felis rutrum risus bibendum cursus. Aliquam interdum aliquam elementum ... Famous artist share his tracks for free Suspendisse dapibus blandit auctor. Aenean nisl felis, fermentum in ante sit amet, lobortis hendrerit nunc. Curabitur pharetra in velit at ornare. Pellentesque vitae nibh volutpat velit feugiat euismod ut a elit. Donec in felis rutrum risus bibendum cursus. Aliquam interdum aliquam elementum ... Famous artist share his tracks for free Suspendisse dapibus blandit auctor. Aenean nisl felis, fermentum in ante sit amet, lobortis hendrerit nunc. Curabitur pharetra in velit at ornare. Pellentesque vitae nibh volutpat velit feugiat euismod ut a elit. Donec in felis rutrum risus bibendum cursus. Aliquam interdum aliquam elementum ... Famous artist share his tracks for free Suspendisse dapibus blandit auctor. Aenean nisl felis, fermentum in ante sit amet, lobortis hendrerit nunc. Curabitur pharetra in velit at ornare. Pellentesque vitae nibh volutpat velit feugiat euismod ut a elit. Donec in felis rutrum risus bibendum cursus. Aliquam interdum aliquam elementum ... Famous artist share his tracks for free Suspendisse dapibus blandit auctor. Aenean nisl felis, fermentum in ante sit amet, lobortis hendrerit nunc. Curabitur pharetra in velit at ornare. Pellentesque vitae nibh volutpat velit feugiat euismod ut a elit. Donec in felis rutrum risus bibendum cursus. Aliquam interdum aliquam elementum ... '),
(45, 'PAREDES ACOLHEU CONFERÊNCIA FINAL DO PROJETO MUSEU DA ESCOLA', 'PAREDES ACOLHEU CONFERÊNCIA FINAL DO PROJETO MUSEU DA ESCOLA A Conferência Final de Difusão do “Projeto Museu da Escola: uma Estratégia de Inclusão” realizou-se, esta segunda-feira, no Salão Nobre dos Paços do Concelho de Paredes, durante a qual as delegações da região de Paredes e da região espanhola de Xátiva fizeram um balanço das respetivas iniciativas no âmbito do projeto. No final, foi inaugurada, na Biblioteca Municipal de Paredes, a exposição itinerante “Escola de Memórias: 100 anos de Ensinamentos”, promovida pela região portuguesa, que ali estará patente ao público durante três meses. O Projeto &quot;Museu da Escola: uma Estratégia de Inclusão&quot;, financiado em 100 mil euros, equitativamente distribuídos, pelo Lifelong Learning Programme da União Europeia, teve início em 2012 e resulta de uma parceria entre a região de Paredes e o município valenciano de Xátiva, para troca de experiências entre as duas regiões, visando a construção de uma comunidade educativa conjunta. Um dos resultados da iniciativa são as exposições “Escola de Memórias: 100 anos de Ensinamentos” e a homóloga espanhola, que têm como objetivo constituírem-se como testemunhos históricos da escola do passado para as gerações presentes e futuras. A vereadora do Pelouro da Educação da Câmara Municipal de Paredes, Hermínia Moreira, abriu a conferência, dando as boas vindas às delegações e passando depois a palavra a Juan Ra, do município de Xátiva, que detalhou as atividades desenvolvidas em Espanha, nomeadamente a organização de conferências para divulgação do projeto educativo europeu e para a promoção da coordenação entre cultura e educação.      Alexandra Teixeira, da Associação Paredes Pela Inclusão Social (APPIS), descreveu em seguida as demais atividades desenvolvidas em Portugal, que passaram pelo encerramento de mensagens de alunos do 4º ano para serem abertas daqui a cinco anos, por um concurso de quadras populares, uma formação intergeracional e um seminário para famílias e por formação para professores. Foi ainda escrito o conto “A escola… de todos os tempos!” - Da lousa à sebenta, da sebenta ao computador. Os parceiros do “Projeto Museu da Escola: uma Estratégia de Inclusão” foram, do lado espanhol, o Departamento de História da Educação da Universidade de Valência; o Instituto de Educação Secundária Simarro, a Associação Innoeduca, o Sindicato da Inspeção Educacional e a Câmara Municipal de Xátiva. Em Portugal, desenvolveram-no o Agrupamento de Escolas de Vilela, o Centro de Formação da Associação de Escolas de Paços de Ferreira, Paredes e Penafiel e a APPIS. Namorada de André deixa mensagem emocionada Dentada de Suárez rendeu dinheiro a mais de 100... Bento vai dar a cara e abandona a seleção Cesare Prandelli assume culpa pela eliminação ... '),
(44, 'Namorada de André deixa mensagem emocionada', 'Namorada de André deixa mensagem emocionada Margarida Lopes, com quem o filho de Judite Sousa namorava há um ano, deixou, no seu perfil da rede social, uma dedicatória a André, que morreu este domingo na sequência de um trágico acidente e cujo velório se realiza esta segunda-feira à noite.   Devastada com a perda do namorado, Margarida Lopes fez questão de prestar uma homenagem pública a André no seu perfil pessoal de Facebook, ao publicar o poema Funeral Blues, do poeta norte- americano, W.H.Auden, juntamente com uma fotografia. Reproduzimos aqui uma das estrofes: &quot;He was my North, my South, my East and West/ My working week and my Sunday rest / My noon, my midnight, my talk, my song / I thought that love would last for ever: I was wrong&quot;. (Ele era o meu Norte, o meu Sul, o meu Este e Oeste / A minha semana de trabalho e o meu descanso de domingo/ O meio-dia, a minha meia-noite, a minha conversa, a minha canção / Pensei que o amor ia durar para sempre: enganei-me). A jovem, que tinha o seu perfil reservado apenas a amigos, modificou as definições desta dedicatória, por forma a que qualquer utilizador do Facebook possa lê-la. São dezenas os comentários e as mensagens de pesar de amigos próximos. O velório de André Sousa Bessa, o único filho de Judite Sousa, realiza-se esta segunda feira, na Igreja do Colégio de São João de Brito, em Lisboa.   Namorada de André deixa mensagem emocionada Dentada de Suárez rendeu dinheiro a mais de 100... Bento vai dar a cara e abandona a seleção Cesare Prandelli assume culpa pela eliminação ... '),
(43, 'Mundo', 'Mundo   Famous artist share his tracks for free Suspendisse dapibus blandit auctor. Aenean nisl felis, fermentum in ante sit amet, lobortis hendrerit nunc. Curabitur pharetra in velit at ornare. Pellentesque vitae nibh volutpat velit feugiat euismod ut a elit. Donec in felis rutrum risus bibendum cursus. Aliquam interdum aliquam elementum ... Famous artist share his tracks for free Suspendisse dapibus blandit auctor. Aenean nisl felis, fermentum in ante sit amet, lobortis hendrerit nunc. Curabitur pharetra in velit at ornare. Pellentesque vitae nibh volutpat velit feugiat euismod ut a elit. Donec in felis rutrum risus bibendum cursus. Aliquam interdum aliquam elementum ... Famous artist share his tracks for free Suspendisse dapibus blandit auctor. Aenean nisl felis, fermentum in ante sit amet, lobortis hendrerit nunc. Curabitur pharetra in velit at ornare. Pellentesque vitae nibh volutpat velit feugiat euismod ut a elit. Donec in felis rutrum risus bibendum cursus. Aliquam interdum aliquam elementum ... Famous artist share his tracks for free Suspendisse dapibus blandit auctor. Aenean nisl felis, fermentum in ante sit amet, lobortis hendrerit nunc. Curabitur pharetra in velit at ornare. Pellentesque vitae nibh volutpat velit feugiat euismod ut a elit. Donec in felis rutrum risus bibendum cursus. Aliquam interdum aliquam elementum ... Famous artist share his tracks for free Suspendisse dapibus blandit auctor. Aenean nisl felis, fermentum in ante sit amet, lobortis hendrerit nunc. Curabitur pharetra in velit at ornare. Pellentesque vitae nibh volutpat velit feugiat euismod ut a elit. Donec in felis rutrum risus bibendum cursus. Aliquam interdum aliquam elementum ... Famous artist share his tracks for free Suspendisse dapibus blandit auctor. Aenean nisl felis, fermentum in ante sit amet, lobortis hendrerit nunc. Curabitur pharetra in velit at ornare. Pellentesque vitae nibh volutpat velit feugiat euismod ut a elit. Donec in felis rutrum risus bibendum cursus. Aliquam interdum aliquam elementum ... Famous artist share his tracks for free Suspendisse dapibus blandit auctor. Aenean nisl felis, fermentum in ante sit amet, lobortis hendrerit nunc. Curabitur pharetra in velit at ornare. Pellentesque vitae nibh volutpat velit feugiat euismod ut a elit. Donec in felis rutrum risus bibendum cursus. Aliquam interdum aliquam elementum ... Famous artist share his tracks for free Suspendisse dapibus blandit auctor. Aenean nisl felis, fermentum in ante sit amet, lobortis hendrerit nunc. Curabitur pharetra in velit at ornare. Pellentesque vitae nibh volutpat velit feugiat euismod ut a elit. Donec in felis rutrum risus bibendum cursus. Aliquam interdum aliquam elementum ... ');

-- --------------------------------------------------------

--
-- Estrutura da tabela `couch_levels`
--

CREATE TABLE IF NOT EXISTS `couch_levels` (
  `id` int(11) NOT NULL AUTO_INCREMENT,
  `name` varchar(100) DEFAULT NULL,
  `title` varchar(100) DEFAULT NULL,
  `k_level` int(11) DEFAULT '0',
  `disabled` int(11) DEFAULT '0',
  PRIMARY KEY (`id`),
  UNIQUE KEY `couch_levels_index01` (`k_level`)
) ENGINE=InnoDB  DEFAULT CHARSET=utf8 AUTO_INCREMENT=6 ;

--
-- Extraindo dados da tabela `couch_levels`
--

INSERT INTO `couch_levels` (`id`, `name`, `title`, `k_level`, `disabled`) VALUES
(1, 'superadmin', 'Super Admin', 10, 0),
(2, 'admin', 'Administrator', 7, 0),
(3, 'authenticated_user_special', 'Authenticated User (Special)', 4, 0),
(4, 'authenitcated_user', 'Authenticated User', 2, 0),
(5, 'unauthenticated_user', 'Everybody', 0, 0);

-- --------------------------------------------------------

--
-- Estrutura da tabela `couch_pages`
--

CREATE TABLE IF NOT EXISTS `couch_pages` (
  `id` int(11) NOT NULL AUTO_INCREMENT,
  `template_id` int(11) NOT NULL,
  `parent_id` int(11) DEFAULT '0',
  `page_title` varchar(255) DEFAULT NULL,
  `page_name` varchar(255) DEFAULT NULL,
  `creation_date` datetime DEFAULT '0000-00-00 00:00:00',
  `modification_date` datetime DEFAULT '0000-00-00 00:00:00',
  `publish_date` datetime DEFAULT '0000-00-00 00:00:00',
  `status` int(11) DEFAULT NULL,
  `is_master` int(1) DEFAULT '0',
  `page_folder_id` int(11) DEFAULT '-1',
  `access_level` int(11) DEFAULT '0',
  `comments_count` int(11) DEFAULT '0',
  `comments_open` int(1) DEFAULT '1',
  `nested_parent_id` int(11) DEFAULT '-1',
  `weight` int(11) DEFAULT '0',
  `show_in_menu` int(1) DEFAULT '1',
  `menu_text` varchar(255) DEFAULT NULL,
  `is_pointer` int(1) DEFAULT '0',
  `pointer_link` text,
  `pointer_link_detail` text,
  `open_external` int(1) DEFAULT '0',
  `masquerades` int(1) DEFAULT '0',
  `strict_matching` int(1) DEFAULT '0',
  `file_name` varchar(260) DEFAULT NULL,
  `file_ext` varchar(20) DEFAULT NULL,
  `file_size` int(11) DEFAULT '0',
  `file_meta` text,
  `creation_IP` varchar(45) DEFAULT NULL,
  PRIMARY KEY (`id`),
  UNIQUE KEY `couch_pages_Index03` (`template_id`,`page_name`),
  KEY `couch_pages_Index01` (`template_id`,`publish_date`),
  KEY `couch_pages_Index02` (`template_id`,`page_folder_id`,`publish_date`),
  KEY `couch_pages_Index04` (`template_id`,`modification_date`),
  KEY `couch_pages_Index05` (`template_id`,`page_folder_id`,`modification_date`),
  KEY `couch_pages_Index06` (`template_id`,`page_folder_id`,`page_name`),
  KEY `couch_pages_Index07` (`template_id`,`comments_count`),
  KEY `couch_pages_Index08` (`template_id`,`page_title`),
  KEY `couch_pages_Index09` (`template_id`,`page_folder_id`,`page_title`),
  KEY `couch_pages_Index10` (`template_id`,`page_folder_id`,`comments_count`),
  KEY `couch_pages_Index11` (`template_id`,`parent_id`,`modification_date`),
  KEY `couch_pages_Index12` (`parent_id`,`modification_date`),
  KEY `couch_pages_Index13` (`template_id`,`is_pointer`,`masquerades`,`pointer_link_detail`(255)),
  KEY `couch_pages_Index14` (`template_id`,`file_name`(255)),
  KEY `couch_pages_Index15` (`template_id`,`page_folder_id`,`file_name`(255)),
  KEY `couch_pages_Index16` (`template_id`,`file_ext`,`file_name`(255)),
  KEY `couch_pages_Index17` (`template_id`,`page_folder_id`,`file_ext`,`file_name`(255)),
  KEY `couch_pages_Index18` (`template_id`,`file_size`),
  KEY `couch_pages_Index19` (`template_id`,`page_folder_id`,`file_size`),
  KEY `couch_pages_Index20` (`creation_IP`,`creation_date`)
) ENGINE=InnoDB  DEFAULT CHARSET=utf8 AUTO_INCREMENT=46 ;

--
-- Extraindo dados da tabela `couch_pages`
--

INSERT INTO `couch_pages` (`id`, `template_id`, `parent_id`, `page_title`, `page_name`, `creation_date`, `modification_date`, `publish_date`, `status`, `is_master`, `page_folder_id`, `access_level`, `comments_count`, `comments_open`, `nested_parent_id`, `weight`, `show_in_menu`, `menu_text`, `is_pointer`, `pointer_link`, `pointer_link_detail`, `open_external`, `masquerades`, `strict_matching`, `file_name`, `file_ext`, `file_size`, `file_meta`, `creation_IP`) VALUES
(2, 2, 0, 'Brasil e México nos &quot;oitavos&quot;', 'brasil-e-mexico-nos-oitavos', '2014-06-24 21:27:40', '2014-07-01 01:39:36', '2014-06-24 21:27:40', NULL, 1, -1, 0, 0, 1, -1, 0, 1, NULL, 0, NULL, NULL, 0, 0, 0, NULL, NULL, 0, NULL, '188.83.54.169'),
(4, 2, 0, 'Dentada de Suárez rendeu dinheiro a mais de 100 apostadores', 'dentada-de-suarez-rendeu-dinheiro-a-mais-de-100-apostadores', '2014-06-25 19:47:02', '2014-07-01 01:37:08', '2014-06-25 19:40:53', NULL, 0, -1, 0, 0, 1, -1, 0, 1, NULL, 0, NULL, NULL, 0, 0, 0, NULL, NULL, 0, NULL, '188.83.54.169'),
(5, 2, 0, 'Bento vai dar a cara e abandona a seleção', 'bento-vai-dar-a-cara-e-abandona-a-selecao', '2014-06-25 20:09:45', '2014-07-01 01:34:50', '2014-06-25 20:05:38', NULL, 0, -1, 0, 0, 1, -1, 0, 1, NULL, 0, NULL, NULL, 0, 0, 0, NULL, NULL, 0, NULL, '188.83.54.169'),
(6, 2, 0, 'Cesare Prandelli assume culpa pela eliminação da Itália e demite-se', 'cesare-prandelli-assume-culpa-pela-eliminacao-da-italia-e-demite-se', '2014-06-25 20:14:22', '2014-07-01 01:32:16', '2014-06-25 20:10:20', NULL, 0, -1, 0, 0, 1, -1, 0, 1, NULL, 0, NULL, NULL, 0, 0, 0, NULL, NULL, 0, NULL, '188.83.54.169'),
(7, 2, 0, 'Irmã do rei de Espanha vai a julgamento por fraude fiscal', 'irma-do-rei-de-espanha-vai-a-julgamento-por-fraude-fiscal', '2014-06-25 23:09:26', '2014-07-01 01:29:20', '2014-06-25 20:16:12', NULL, 0, -1, 0, 0, 1, -1, 0, 1, NULL, 0, NULL, NULL, 0, 0, 0, NULL, NULL, 0, NULL, '188.83.54.169'),
(22, 4, 0, 'Default page for categoria.php * PLEASE CHANGE THIS TITLE *', 'default-page-for-categoria-php-please-change-this-title', '2014-06-26 21:03:58', '2014-06-26 21:29:37', '2014-06-26 21:03:58', NULL, 1, -1, 0, 0, 1, -1, 0, 1, NULL, 0, NULL, NULL, 0, 0, 0, NULL, NULL, 0, NULL, '188.83.54.169'),
(23, 4, 0, 'Mundial 2014', 'mundial-2014', '2014-06-26 21:23:59', '2014-06-30 13:54:45', '2014-06-26 21:20:12', NULL, 0, -1, 0, 0, 1, -1, 0, 1, NULL, 0, NULL, NULL, 0, 0, 0, NULL, NULL, 0, NULL, '188.83.54.169'),
(24, 5, 0, 'Default page for index.php * PLEASE CHANGE THIS TITLE *', 'default-page-for-index-php-please-change-this-title', '2014-06-27 18:49:22', '2014-07-01 15:17:03', '2014-06-27 18:49:22', NULL, 1, -1, 0, 0, 1, -1, 0, 1, NULL, 0, NULL, NULL, 0, 0, 0, NULL, NULL, 0, NULL, '188.83.54.169'),
(39, 4, 0, 'programação', 'programacao', '2014-06-30 13:31:42', '2014-06-30 13:31:47', '2014-06-30 13:30:25', NULL, 0, -1, 0, 0, 1, -1, 0, 1, NULL, 0, NULL, NULL, 0, 0, 0, NULL, NULL, 0, NULL, '188.83.61.132'),
(40, 4, 0, 'Desporto', 'desporto', '2014-06-30 13:32:26', '2014-06-30 13:32:48', '2014-06-30 13:32:07', NULL, 0, -1, 0, 0, 1, -1, 0, 1, NULL, 0, NULL, NULL, 0, 0, 0, NULL, NULL, 0, NULL, '188.83.61.132'),
(41, 4, 0, 'paredes', 'paredes', '2014-06-30 13:33:55', '2014-06-30 13:33:55', '2014-06-30 13:33:27', NULL, 0, -1, 0, 0, 1, -1, 0, 1, NULL, 0, NULL, NULL, 0, 0, 0, NULL, NULL, 0, NULL, '188.83.61.132'),
(42, 4, 0, 'País', 'pais', '2014-06-30 13:34:18', '2014-06-30 13:38:29', '2014-06-30 13:34:02', NULL, 0, -1, 0, 0, 1, -1, 0, 1, NULL, 0, NULL, NULL, 0, 0, 0, NULL, NULL, 0, NULL, '188.83.61.132'),
(43, 4, 0, 'Mundo', 'mundo', '2014-06-30 13:34:51', '2014-06-30 13:34:51', '2014-06-30 13:34:34', NULL, 0, -1, 0, 0, 1, -1, 0, 1, NULL, 0, NULL, NULL, 0, 0, 0, NULL, NULL, 0, NULL, '188.83.61.132'),
(44, 2, 0, 'Namorada de André deixa mensagem emocionada', 'namorada-de-andre-deixa-mensagem-emocionada', '2014-06-30 21:36:11', '2014-07-01 01:25:05', '2014-06-30 21:31:37', NULL, 0, -1, 0, 0, 1, -1, 0, 1, NULL, 0, NULL, NULL, 0, 0, 0, NULL, NULL, 0, NULL, '188.83.61.132'),
(45, 2, 0, 'PAREDES ACOLHEU CONFERÊNCIA FINAL DO PROJETO MUSEU DA ESCOLA', 'paredes-acolheu-conferencia-final-do-projeto-museu-da-escola', '2014-06-30 21:57:46', '2014-07-01 01:24:44', '2014-06-30 21:53:25', NULL, 0, -1, 0, 0, 1, -1, 0, 1, NULL, 0, NULL, NULL, 0, 0, 0, NULL, NULL, 0, NULL, '188.83.61.132');

-- --------------------------------------------------------

--
-- Estrutura da tabela `couch_relations`
--

CREATE TABLE IF NOT EXISTS `couch_relations` (
  `pid` int(11) NOT NULL,
  `fid` int(11) NOT NULL,
  `cid` int(11) NOT NULL,
  `weight` int(11) DEFAULT '0',
  PRIMARY KEY (`pid`,`fid`,`cid`),
  KEY `couch_relations_Index01` (`pid`,`fid`,`weight`),
  KEY `couch_relations_Index02` (`fid`,`cid`,`weight`),
  KEY `couch_relations_Index03` (`cid`,`fid`)
) ENGINE=InnoDB DEFAULT CHARSET=utf8;

--
-- Extraindo dados da tabela `couch_relations`
--


-- --------------------------------------------------------

--
-- Estrutura da tabela `couch_settings`
--

CREATE TABLE IF NOT EXISTS `couch_settings` (
  `k_key` varchar(255) NOT NULL,
  `k_value` longtext,
  PRIMARY KEY (`k_key`)
) ENGINE=InnoDB DEFAULT CHARSET=utf8;

--
-- Extraindo dados da tabela `couch_settings`
--

INSERT INTO `couch_settings` (`k_key`, `k_value`) VALUES
('k_couch_version', '1.4'),
('nonce_secret_key', 'xmh8loOiRPnMRPUjc5W757ijb2r6flQd8xMUl0CDgqPxGahiGDPbbyVM1MjGxzk6'),
('secret_key', 'u1SaEnqdPPzXxGBelYejyZ60fhOrw8DqzW1EKRiZ7in5opJaNoTMOqct7rl3ZoUZ');

-- --------------------------------------------------------

--
-- Estrutura da tabela `couch_templates`
--

CREATE TABLE IF NOT EXISTS `couch_templates` (
  `id` int(11) NOT NULL AUTO_INCREMENT,
  `name` varchar(255) NOT NULL,
  `description` varchar(255) DEFAULT NULL,
  `clonable` int(1) DEFAULT '0',
  `executable` int(1) DEFAULT '1',
  `title` varchar(255) DEFAULT NULL,
  `access_level` int(11) DEFAULT '0',
  `commentable` int(1) DEFAULT '0',
  `hidden` int(1) DEFAULT '0',
  `k_order` int(11) DEFAULT '0',
  `dynamic_folders` int(1) DEFAULT '0',
  `nested_pages` int(1) DEFAULT '0',
  `gallery` int(1) DEFAULT '0',
  PRIMARY KEY (`id`),
  UNIQUE KEY `couch_templates_Index01` (`name`)
) ENGINE=InnoDB  DEFAULT CHARSET=utf8 AUTO_INCREMENT=20 ;

--
-- Extraindo dados da tabela `couch_templates`
--

INSERT INTO `couch_templates` (`id`, `name`, `description`, `clonable`, `executable`, `title`, `access_level`, `commentable`, `hidden`, `k_order`, `dynamic_folders`, `nested_pages`, `gallery`) VALUES
(2, 'artigo.php', '', 1, 1, NULL, 0, 0, 0, 0, 0, 0, 0),
(4, 'categoria.php', '', 1, 1, NULL, 0, 0, 0, 0, 0, 0, 0),
(5, 'index.php', '', 0, 1, NULL, 0, 0, 0, 0, 0, 0, 0);

-- --------------------------------------------------------

--
-- Estrutura da tabela `couch_users`
--

CREATE TABLE IF NOT EXISTS `couch_users` (
  `id` int(11) NOT NULL AUTO_INCREMENT,
  `name` varchar(128) NOT NULL,
  `title` varchar(255) DEFAULT NULL,
  `password` varchar(64) NOT NULL,
  `email` varchar(128) NOT NULL,
  `activation_key` varchar(64) DEFAULT NULL,
  `registration_date` datetime DEFAULT NULL,
  `access_level` int(11) DEFAULT '0',
  `disabled` int(11) DEFAULT '0',
  `system` int(11) DEFAULT '0',
  `last_failed` bigint(11) DEFAULT '0',
  PRIMARY KEY (`id`),
  UNIQUE KEY `couch_users_email` (`email`),
  UNIQUE KEY `couch_users_name` (`name`),
  KEY `couch_users_activation_key` (`activation_key`),
  KEY `couch_users_index01` (`access_level`),
  KEY `couch_users_index02` (`access_level`,`name`)
) ENGINE=InnoDB  DEFAULT CHARSET=utf8 AUTO_INCREMENT=3 ;

--
-- Extraindo dados da tabela `couch_users`
--

INSERT INTO `couch_users` (`id`, `name`, `title`, `password`, `email`, `activation_key`, `registration_date`, `access_level`, `disabled`, `system`, `last_failed`) VALUES
(1, 'ruben', 'ruben', '$P$BhZch.bMtzIWlXNfdRVmDoTGN9b.UC/', 'rsoarespacheco075@gmail.com', '', '2014-06-24 21:26:46', 10, 0, 1, 0),
(2, 'user', 'Demo', '$P$BLfrKqwK3tdDEVTR0J70N8rEG0g7mC0', 'demo@demo.pt', NULL, '2014-07-01 15:31:37', 7, 0, 0, 0);
